date,compound,pos,neu,neg
2015-09-10,-0.8925,0.102,0.776,0.122
2015-09-13,-0.3708,0.04,0.846,0.113
2015-09-14,0.4215,0.216,0.672,0.112
2015-09-14,0.1499,0.122,0.752,0.126
2015-09-15,0.9612,0.154,0.846,0.0
2015-09-16,0.0,0.0,1.0,0.0
2015-09-18,0.6981,0.122,0.793,0.085
2015-09-19,-0.3744,0.119,0.742,0.139
2015-10-02,0.3728,0.063,0.88,0.057
2015-10-03,0.9909,0.154,0.749,0.097
2015-10-04,0.966,0.223,0.724,0.053
2015-11-27,0.9473,0.16,0.73,0.11
2015-11-28,0.8858,0.153,0.758,0.089
2015-11-29,0.8913,0.206,0.622,0.172
2016-05-16,0.7163,0.154,0.737,0.108
2016-06-01,0.0,0.0,1.0,0.0
2016-06-19,-0.9773,0.0,0.814,0.186
2016-10-19,-0.9257,0.1,0.741,0.16
2016-11-05,0.6322,0.161,0.741,0.098
2016-12-05,0.4284,0.066,0.876,0.058
2016-12-10,0.9511,0.217,0.722,0.062
2016-12-11,0.4942,0.052,0.93,0.018
2016-12-12,0.7501,0.13,0.778,0.092
2016-12-13,0.8591,0.158,0.801,0.041
2016-12-30,-0.9716,0.046,0.693,0.261
2017-01-22,-0.9626,0.042,0.827,0.13
2017-01-23,0.3818,0.087,0.873,0.04
2017-01-29,0.3612,0.116,0.884,0.0
2017-01-30,0.9499,0.116,0.79,0.094
2017-01-31,0.84,0.109,0.858,0.032
2017-02-02,-0.6381,0.0,0.856,0.144
2017-02-03,0.3818,0.098,0.902,0.0
2017-02-13,0.9979,0.165,0.806,0.029
2017-02-19,-0.6798,0.102,0.787,0.111
2017-02-22,-0.8949,0.077,0.735,0.187
2017-02-22,0.476,0.154,0.846,0.0
2017-02-22,-0.9032,0.048,0.646,0.306
2017-02-23,-0.3466,0.126,0.751,0.123
2017-02-25,-0.3818,0.018,0.96,0.022
2017-03-05,0.0,0.0,1.0,0.0
2017-03-05,-0.8784,0.166,0.647,0.188
2017-03-05,-0.8784,0.166,0.647,0.188
2017-03-06,-0.8448,0.042,0.808,0.15
2017-03-06,0.3182,0.057,0.943,0.0
2017-03-14,0.9852,0.158,0.784,0.058
2017-03-17,0.9928,0.163,0.799,0.038
2017-03-19,-0.9656,0.032,0.793,0.175
2017-03-23,0.9899,0.168,0.72,0.112
2017-04-11,0.8721,0.171,0.75,0.08
2017-04-25,-0.5948,0.086,0.824,0.09
2017-05-21,0.5424,0.104,0.813,0.083
2017-05-21,-0.7769,0.0,0.874,0.126
2017-07-11,0.7184,0.15,0.85,0.0
2017-07-13,0.7832,0.223,0.777,0.0
2017-07-13,-0.3612,0.0,0.545,0.455
2017-08-05,-0.5563,0.14,0.728,0.132
2017-08-30,-0.8271,0.0,0.898,0.102
2017-08-30,0.34,0.052,0.948,0.0
2017-08-30,0.0,0.0,1.0,0.0
2017-09-07,0.7379,0.105,0.825,0.07
2017-10-10,0.1796,0.054,0.906,0.04
2017-10-16,0.0,0.0,1.0,0.0
2017-10-16,-0.9485,0.042,0.655,0.303
2017-10-16,0.4404,0.166,0.755,0.079
2017-10-17,-0.0138,0.105,0.814,0.081
2017-10-17,0.6249,0.406,0.594,0.0
2017-10-22,0.9188,0.115,0.788,0.098
2017-11-07,0.9465,0.123,0.774,0.102
2017-12-01,-0.8999,0.028,0.825,0.146
2017-12-01,-0.8687,0.048,0.73,0.222
2018-01-23,0.631,0.063,0.937,0.0
2018-01-30,-0.5579,0.129,0.739,0.132
2018-02-23,0.9637,0.121,0.817,0.062
2018-02-24,0.9029,0.195,0.805,0.0
2018-03-03,-0.9559,0.102,0.711,0.187
2018-03-30,0.6652,0.077,0.88,0.044
2018-06-14,0.7351,0.176,0.755,0.069
2018-06-22,0.0,0.0,1.0,0.0
2018-07-10,-0.035,0.104,0.79,0.107
2018-07-10,0.0,0.0,1.0,0.0
2018-10-02,-0.9743,0.09,0.786,0.124
2018-11-01,-0.2173,0.049,0.85,0.1
2018-11-18,0.8591,0.195,0.749,0.056
2018-12-08,0.8269,0.17,0.765,0.064
2018-12-08,-0.4588,0.0,0.786,0.214
2018-12-09,0.2263,0.048,0.952,0.0
2018-12-16,0.022,0.163,0.697,0.14
2018-12-17,-0.5379,0.02,0.953,0.027
2019-03-15,-0.5574,0.0,0.859,0.141
2019-03-18,-0.9287,0.0,0.803,0.197
2019-03-18,-0.7506,0.0,0.67,0.33
2019-03-24,0.0,0.0,1.0,0.0
2019-03-24,0.6369,0.135,0.865,0.0
2019-03-24,0.0,0.0,1.0,0.0
2019-06-19,-0.933,0.097,0.667,0.235
2019-07-09,0.4298,0.079,0.85,0.071
2019-08-22,0.1086,0.09,0.839,0.072
2019-08-22,0.9578,0.104,0.853,0.042
2019-08-29,0.0772,0.051,0.913,0.036
2020-01-05,-0.2538,0.127,0.692,0.181
2020-01-27,0.296,0.138,0.777,0.085
2020-01-28,-0.1406,0.103,0.752,0.145
2020-02-02,0.9768,0.162,0.737,0.1
2020-03-08,0.2012,0.083,0.852,0.065
2020-03-12,0.5859,0.134,0.773,0.093
2020-04-05,-0.9008,0.062,0.803,0.135
2020-04-05,-0.2263,0.084,0.804,0.113
2020-04-06,-0.0517,0.098,0.791,0.111
2020-04-06,-0.9796,0.045,0.707,0.248
2020-04-06,-0.6012,0.082,0.799,0.119
2020-04-06,0.631,0.203,0.693,0.104
2020-04-06,-0.6664,0.047,0.816,0.136
2020-04-11,0.5789,0.099,0.873,0.028
2020-04-11,-0.9009,0.102,0.674,0.224
2020-04-11,-0.4536,0.072,0.838,0.09
2020-04-11,0.6416,0.114,0.843,0.043
2020-04-11,-0.7845,0.104,0.682,0.214
2020-04-11,0.8412,0.164,0.736,0.1
2020-04-11,0.0,0.0,1.0,0.0
2020-04-11,0.8638,0.117,0.823,0.06
2020-04-11,0.1263,0.082,0.848,0.069
2020-04-15,-0.9109,0.082,0.633,0.285
2020-05-14,-0.7906,0.0,0.92,0.08
2020-05-27,0.9942,0.195,0.747,0.058
2020-05-29,0.7507,0.149,0.718,0.133
2020-06-01,0.9505,0.199,0.801,0.0
2020-06-02,0.0,0.0,1.0,0.0
2020-06-23,-0.889,0.071,0.79,0.138
2020-07-01,0.5859,0.062,0.918,0.019
2020-07-01,0.4037,0.17,0.749,0.081
2020-07-01,0.0516,0.061,0.882,0.057
2020-07-01,0.0,0.0,1.0,0.0
2020-07-01,0.7096,0.228,0.772,0.0
2020-07-14,0.8933,0.068,0.9,0.032
2020-07-16,0.4927,0.113,0.887,0.0
2020-07-23,0.0,0.0,1.0,0.0
2020-07-29,0.3612,0.088,0.912,0.0
2020-08-05,0.0,0.0,1.0,0.0
2020-08-05,0.2025,0.218,0.585,0.197
2020-08-17,0.1027,0.142,0.753,0.105
2020-08-17,0.2483,0.071,0.929,0.0
2020-08-21,0.2263,0.068,0.932,0.0
2020-09-18,0.6916,0.111,0.816,0.073
2020-10-02,0.0,0.0,1.0,0.0
2020-10-02,-0.296,0.0,0.855,0.145
2020-10-03,0.128,0.078,0.858,0.064
2020-10-05,0.0,0.0,1.0,0.0
2020-10-11,0.7363,0.133,0.751,0.115
2020-10-23,-0.9658,0.112,0.769,0.119
2020-11-07,0.986,0.168,0.759,0.073
2020-11-08,0.5859,0.142,0.858,0.0
2020-11-08,0.8923,0.208,0.709,0.083
2020-11-09,0.0,0.0,1.0,0.0
2020-12-02,0.8126,0.203,0.797,0.0
2020-12-09,-0.6249,0.0,0.884,0.116
2020-12-16,-0.2263,0.064,0.842,0.094
2021-01-16,-0.2263,0.076,0.814,0.11
2021-01-23,-0.0772,0.131,0.731,0.138
2021-01-27,0.7473,0.186,0.746,0.068
2021-01-28,-0.8201,0.088,0.648,0.265
2021-02-01,0.2585,0.058,0.895,0.047
2021-02-13,0.5647,0.12,0.796,0.084
2021-02-23,-0.5879,0.07,0.83,0.1
2021-03-07,-0.6124,0.032,0.881,0.087
2021-05-09,0.6908,0.213,0.787,0.0
2021-05-11,0.9136,0.145,0.719,0.136
2021-07-16,0.9388,0.168,0.773,0.059
2021-07-16,-0.5802,0.104,0.753,0.143
2021-08-01,-0.886,0.051,0.837,0.112
2021-10-02,-0.7351,0.099,0.752,0.149
2021-10-02,-0.0015,0.143,0.69,0.167
2021-10-02,0.4215,0.123,0.877,0.0
2021-10-02,-0.0,0.097,0.806,0.097
2021-10-15,0.8268,0.085,0.915,0.0
2021-10-15,0.2682,0.122,0.782,0.096
2021-10-23,-0.6133,0.025,0.911,0.064
2021-11-02,-0.296,0.0,0.864,0.136
2021-11-02,-0.1027,0.112,0.784,0.104
2021-11-02,0.3612,0.077,0.923,0.0
2021-11-02,0.4173,0.156,0.844,0.0
2021-11-02,-0.9245,0.042,0.793,0.165
2022-02-05,0.8895,0.166,0.834,0.0
2022-02-05,0.7414,0.174,0.786,0.04
2022-02-06,0.5504,0.079,0.89,0.031
2022-02-06,0.964,0.14,0.789,0.072
2022-03-22,0.4201,0.189,0.811,0.0
2022-04-11,0.9508,0.124,0.823,0.052
2022-05-31,-0.765,0.082,0.667,0.251
2022-07-11,0.4019,0.144,0.856,0.0
2022-08-10,0.5267,0.221,0.698,0.081
2022-08-16,-0.9598,0.049,0.803,0.148
2022-08-31,0.4939,0.211,0.789,0.0
2022-10-23,0.0,0.0,1.0,0.0
2022-10-24,-0.4338,0.137,0.649,0.214
2022-11-24,-0.7525,0.089,0.719,0.192
2022-12-01,0.7269,0.125,0.83,0.045
2022-12-05,0.1027,0.024,0.976,0.0
2022-12-08,0.7876,0.226,0.701,0.073
2022-12-08,-0.733,0.066,0.809,0.125
2022-12-12,0.4215,0.412,0.588,0.0
2022-12-25,-0.6908,0.0,0.83,0.17
2022-12-31,0.1557,0.085,0.826,0.09
2022-12-31,0.6656,0.108,0.798,0.094
2022-12-31,0.34,0.096,0.856,0.048
2022-12-31,0.3612,0.171,0.731,0.098
2022-12-31,0.736,0.138,0.823,0.039
2022-12-31,0.6124,0.25,0.75,0.0
2023-01-01,0.5023,0.134,0.866,0.0
2023-01-03,0.6106,0.22,0.698,0.081
2023-01-07,0.7998,0.149,0.805,0.046
2023-01-07,-0.8563,0.028,0.837,0.135
2023-01-11,0.0258,0.075,0.852,0.072
2023-01-23,0.2382,0.041,0.943,0.016
2023-01-29,0.8975,0.14,0.86,0.0
2023-02-08,0.9034,0.174,0.776,0.049
2023-02-08,0.3773,0.07,0.9,0.031
2023-02-26,0.9967,0.209,0.738,0.052
2023-04-12,0.7579,0.141,0.83,0.03
2023-04-12,-0.8957,0.049,0.648,0.303
2023-04-15,0.9474,0.086,0.862,0.052
2023-04-23,-0.0772,0.199,0.627,0.173
2023-05-14,0.9525,0.115,0.82,0.065
2023-06-01,0.9332,0.291,0.643,0.067
2023-06-08,0.3686,0.097,0.827,0.076
2023-06-08,-0.4588,0.075,0.773,0.152
2023-06-08,0.6848,0.184,0.816,0.0
2023-06-10,0.9628,0.208,0.742,0.05
2023-07-31,0.7523,0.102,0.875,0.023
2023-08-15,0.8852,0.118,0.828,0.053
2023-10-02,0.1759,0.049,0.914,0.037
2023-10-04,-0.34,0.0,0.932,0.068
2023-10-12,0.2263,0.189,0.619,0.192
2023-10-15,0.0,0.0,1.0,0.0
2023-10-30,0.9916,0.161,0.756,0.084
2023-11-08,-0.644,0.145,0.648,0.207
2023-11-28,-0.4215,0.051,0.893,0.056
2023-12-07,0.4404,0.102,0.832,0.066
2023-12-10,0.2144,0.091,0.854,0.055
2023-12-22,-0.3738,0.0,0.978,0.022
