frac_price,frac_volume,disc_frac_price,disc_frac_volume,disc_combined
-0.00028835063437138153,-0.4049803407601573,19,1,69
0.038650129795211985,-0.3061674008810573,23,2,123
0.004998611496806582,0.0031746031746031633,20,4,220
0.00911854103343468,-0.12341772151898733,20,3,170
0.03066812705366906,-0.3212996389891697,22,1,72
-0.04144527098831019,0.2872340425531914,16,6,316
-0.22117516629711753,0.9421487603305785,0,11,550
0.04483985765124543,-0.2872340425531915,23,2,123
0.03950953678474112,-0.12537313432835817,23,3,173
0.10681520314547832,-0.027303754266211566,29,4,229
0.13173475429248072,-0.14385964912280702,31,3,181
-0.019618100967826235,-0.26639344262295084,18,2,118
0.09098185699039485,0.4804469273743017,27,7,377
-0.18928833455612626,0.7660377358490567,3,9,453
-0.002714932126696823,-0.2948717948717948,19,2,119
0.02631578947368407,-0.20606060606060606,22,2,122
0.10079575596816981,0.16412213740458026,28,5,278
0.03319946452476574,-0.08524590163934431,22,3,172
-0.061414874319771995,-0.30824372759856633,14,2,114
0.00662617338487026,0.44041450777202074,20,7,370
-0.10504662643993423,0.41366906474820153,10,7,360
-0.1569108182654,-0.10432569974554706,6,3,156
-0.07233733187931657,-0.24431818181818177,13,2,113
0.06700626959247646,0.07518796992481214,25,4,225
0.04957767168564087,-0.10839160839160844,24,3,174
-0.03638908327501755,-0.3803921568627451,16,1,66
-0.030501089324618813,0.4493670886075949,17,7,367
-0.1333333333333333,0.6200873362445414,8,8,408
-0.09118409680207429,-0.2695417789757413,11,2,111
-0.07370423204945331,0.49446494464944646,13,7,363
-0.014887063655030786,-0.33333333333333337,18,1,68
0.030745179781136,-0.1962962962962963,22,2,122
0.013144590495449915,0.03686635944700467,20,4,220
-0.01696606786427146,0.14666666666666672,18,5,268
-0.020304568527918843,0.6124031007751938,18,8,418
-0.006735751295336767,-0.28365384615384615,19,2,119
-0.023474178403755874,-0.13758389261744963,17,3,167
0.0347222222222221,0.11284046692607008,22,5,272
0.18224057821373263,-0.09440559440559437,35,3,185
0.017903930131004442,-0.17374517374517373,21,3,171
0.01158301158301156,0.07943925233644866,20,4,220
-0.1276505513146735,0.7965367965367964,8,10,508
-0.029168692270296503,-0.272289156626506,17,2,117
0.022033049574361474,-0.04304635761589404,21,3,171
0.013228809407153319,-0.08996539792387548,20,3,170
-0.012572533849129708,-0.155893536121673,18,3,168
-0.04750244857982355,-0.06306306306306309,15,3,165
-0.024678663239074528,0.06730769230769229,17,4,217
-0.1512915129151291,1.2882882882882885,6,13,656
-0.007453416149068359,-0.3228346456692913,19,1,69
-0.0250312891113893,-0.1191860465116279,17,3,167
0.03722721437740706,-0.1188118811881188,23,3,173
0.02165841584158401,0.029962546816479474,21,4,221
-0.0024227740763174133,-0.15636363636363637,19,3,169
0.015786278081360017,-0.004310344827586188,21,4,221
-0.020322773460848764,0.5281385281385282,18,8,418
-0.020134228187919434,-0.12181303116147313,18,3,168
-0.01681195516811962,0.0,18,4,218
0.0506649778340722,-0.07741935483870965,24,3,174
-0.001808318264014508,-0.06643356643356646,19,3,169
0.018115942028985588,-0.1573033707865169,21,3,171
-0.053380782918149405,-0.09777777777777774,15,3,165
-0.06077694235588971,0.6896551724137931,14,9,464
-0.022681787858572444,-0.06413994169096215,17,3,167
-0.03890784982935169,-0.02180685358255452,16,4,216
0.01846590909090917,-0.09554140127388533,21,3,171
-0.014644351464435101,-0.08098591549295775,18,3,168
0.02406227883934897,-0.16475095785440608,21,3,171
-0.035245335176226744,0.35779816513761475,16,6,316
-0.07163323782234943,0.375,13,7,363
0.03858024691358031,-0.3415233415233415,23,1,73
0.04531946508172369,-0.052238805970149294,23,3,173
0.051883439943141374,0.26771653543307083,24,6,324
0.014864864864864824,-0.021739130434782594,21,4,221
0.003994673768308976,-0.2952380952380952,20,2,120
0.037135278514588865,0.03153153153153143,23,4,223
-0.05690537084398972,0.48034934497816595,14,7,364
-0.007457627118644172,-0.14454277286135697,19,3,169
0.03210382513661192,-0.06896551724137934,22,3,172
0.011912640635340921,0.16296296296296298,20,5,270
-0.06409417920209282,-0.19426751592356684,14,2,114
0.020265548567435232,-0.07114624505928857,21,3,171
-0.006849315068493178,-0.21702127659574466,19,2,119
-0.07655172413793099,0.4347826086956521,13,7,363
-0.005974607916355512,-0.09848484848484851,19,3,169
-0.006761833208114076,-0.025210084033613467,19,4,219
0.00302571860816947,0.13793103448275867,20,5,270
-0.006787330316742168,0.05681818181818188,19,4,219
-0.026575550493545874,-0.25806451612903225,17,2,117
0.018720748829953227,0.10144927536231885,21,5,271
-0.07503828483920372,0.3377192982456141,13,6,313
-0.04304635761589404,0.1081967213114754,16,5,266
0.019896193771626436,-0.2899408284023669,21,2,121
0.010178117048346147,0.10833333333333339,20,5,270
-0.007556675062972418,0.15037593984962405,19,5,269
0.060913705583756306,-0.2222222222222222,25,2,125
-0.02392344497607657,0.0714285714285714,17,4,217
-0.03676470588235292,0.3803921568627451,16,7,366
0.006785411365564098,-0.06818181818181823,20,3,170
0.021903959561920816,-0.05182926829268297,21,3,171
0.08326463314097277,-0.02893890675241162,27,4,227
-0.0053272450532725335,0.07947019867549665,19,4,219
-0.007651109410864554,-0.13190184049079756,19,3,169
0.009252120277563725,0.15547703180212014,20,5,270
0.038961038961039085,0.6422018348623852,23,8,423
0.033823529411764586,-0.3016759776536313,22,2,122
0.0369843527738265,-0.12,23,3,173
-0.008916323731138487,0.05454545454545445,19,4,219
-0.02837370242214543,-0.10919540229885061,17,3,167
-0.054843304843304796,-0.2935483870967742,15,2,115
0.06254709871891473,0.18721461187214605,25,5,275
-0.05035460992907803,0.023076923076922995,15,4,215
0.0,-0.06390977443609025,19,3,169
0.0014936519790889058,0.10040160642570273,19,5,269
-0.031319910514541416,0.06204379562043805,17,4,217
-0.040800615858352485,-0.05841924398625431,16,3,166
0.008828250401283988,-0.1021897810218978,20,3,170
0.013524264120923002,-0.05691056910569103,20,3,170
-0.0007849293563579884,-0.10344827586206895,19,3,169
0.030636292223095163,0.05288461538461542,22,4,222
-0.003810975609756184,0.29680365296803646,19,6,319
-0.007651109410864554,0.2183098591549295,19,5,269
0.010794140323824308,-0.08670520231213874,20,3,170
0.0,-0.08544303797468356,19,3,169
0.019832189168573544,-0.04152249134948094,21,3,171
-0.01421091997008217,0.03971119133573997,18,4,218
-0.02124430955993928,-0.03472222222222221,17,4,217
-0.03023255813953496,0.1762589928057554,17,5,267
0.007993605115907298,0.06422018348623859,20,4,220
0.0007930214115781098,-0.03735632183908044,19,4,219
-0.009508716323296418,-0.16716417910447756,18,3,168
-0.0016000000000000458,0.09318996415770608,19,4,219
0.005608974358974228,0.06557377049180335,20,4,220
0.035059760956175356,-0.19999999999999996,22,2,122
0.03618167821401097,-0.07307692307692304,22,3,172
0.01857355126300142,0.012448132780082943,21,4,221
0.031363967906637535,0.21721311475409832,22,5,272
-0.038189533239038065,-0.2727272727272727,16,2,116
0.00588235294117645,-0.08796296296296291,20,3,170
-0.02631578947368418,0.1675126903553299,17,5,267
0.058558558558558405,-0.09999999999999998,24,3,174
0.01134751773049647,0.06280193236714982,20,4,220
0.007012622720897532,-0.08181818181818179,20,3,170
-0.00974930362116988,0.15346534653465338,18,5,268
-0.02250351617440227,-0.20600858369098718,17,2,117
0.01942446043165469,0.10270270270270276,21,5,271
0.025405786873676783,-0.004901960784313708,22,4,222
-0.02890571231933936,-0.03448275862068961,17,4,217
0.02693125442948263,0.09183673469387754,22,4,222
0.05521048999309852,0.04672897196261672,24,4,224
0.01635055591890122,0.0,21,4,221
-0.03346203346203347,-0.1651785714285714,16,3,166
0.011984021304926706,0.19251336898395732,20,5,270
0.006578947368421018,-0.17488789237668156,20,3,170
-0.018300653594771288,-0.1684782608695652,18,3,168
-0.001997336884154377,-0.04575163398692805,19,3,169
-0.008005336891260817,0.15068493150684925,19,5,269
-0.02622730329522538,0.13690476190476186,17,5,267
0.02140883977900554,0.015706806282722585,21,4,221
0.0,-0.05670103092783507,19,3,169
0.020283975659229014,-0.20765027322404372,21,2,121
0.0059642147117298094,0.04137931034482767,20,4,220
-0.011857707509881465,0.13245033112582782,18,5,268
0.019333333333333202,0.20467836257309946,21,5,271
-0.007194244604316502,-0.07281553398058249,19,3,169
-0.008563899868247793,-0.10471204188481675,19,3,169
0.0019933554817277432,-0.0292397660818714,19,4,219
-0.02851458885941638,-0.03614457831325302,17,4,217
-0.0013651877133106227,-0.03749999999999998,19,4,219
0.02323991797676017,-0.01948051948051943,21,4,221
0.03607214428857697,0.13245033112582782,22,5,272
0.045132172791747305,-0.04678362573099415,23,3,173
-0.0567550894509562,-0.245398773006135,14,2,114
-0.01635055591890122,0.07317073170731714,18,4,218
0.009973404255319007,0.1515151515151516,20,5,270
0.06056616194865039,-0.1907894736842105,25,2,125
0.02358783364369965,0.1382113821138211,21,5,271
-0.0018192844147969511,-0.0071428571428571175,19,4,219
0.0018226002430135058,-0.09352517985611508,19,3,169
-0.013341419041843605,0.0,18,4,218
0.04486785494775658,0.05555555555555558,23,4,223
-0.00764705882352934,-0.03759398496240607,19,4,219
0.05749851807943096,0.03125,24,4,224
0.049887892376681675,0.1212121212121211,24,5,274
0.005872931126534864,0.08783783783783794,20,4,220
0.01273885350318471,-0.0993788819875776,20,3,170
0.02515723270440251,-0.26206896551724135,21,2,121
-0.008691206543967267,0.14953271028037385,19,5,269
0.03145951521402779,-0.08943089430894313,22,3,172
0.0029999999999998916,-0.1339285714285714,20,3,170
0.0054835493519442835,0.17525773195876293,20,5,270
-0.039167079821517126,0.17543859649122817,16,5,266
-0.022187822497420018,0.15671641791044766,17,5,267
-0.025329815303430148,-0.25806451612903225,17,2,117
0.015159718462371519,0.026086956521739202,21,4,221
0.017066666666666785,-0.016949152542372836,21,4,221
0.024646040901940225,0.0431034482758621,21,4,221
-0.016888433981576245,-0.04958677685950408,18,3,168
0.02186361270171777,0.28695652173913033,21,6,321
0.005603667855323513,0.006756756756756799,20,4,220
0.016210739614994862,-0.20134228187919467,21,2,121
0.01645064805583263,-0.0672268907563025,21,3,171
-0.005885237861696924,-0.027027027027026973,19,4,219
0.025160335471139383,-0.05555555555555558,21,3,171
0.03994225216554392,0.196078431372549,23,5,273
-0.018047200370199024,0.024590163934426146,18,4,218
0.006126295947219473,-0.040000000000000036,20,4,220
-0.008430913348946079,-0.033333333333333326,19,4,219
0.03542749173358528,-0.25,22,2,122
-0.02372262773722633,0.10344827586206895,17,5,267
-0.01962616822429919,-0.26041666666666663,18,2,118
0.004766444232602529,0.647887323943662,20,9,470
0.01992409867172662,0.05982905982905984,21,4,221
-0.018604651162790753,0.040322580645161255,18,4,218
-0.011848341232227444,-0.20155038759689925,18,2,118
0.011510791366906581,-0.058252427184465994,20,3,170
-0.05879563774300611,-0.04123711340206182,14,3,164
0.008060453400503764,0.11827956989247301,20,5,270
0.04447776111944024,-0.08653846153846156,23,3,173
-0.008612440191387516,0.18947368421052624,19,5,269
-0.013513513513513487,-0.008849557522123908,18,4,218
-0.0044031311154598685,-0.1517857142857143,19,3,169
-0.03488943488943497,0.21052631578947367,16,5,266
-0.0641547861507128,0.6869565217391305,14,9,464
-0.03101196953210017,-0.21134020618556704,17,2,117
0.018528916339135337,-0.3202614379084967,21,1,71
0.015435501653803696,0.07692307692307687,21,4,221
0.010857763300760048,0.1964285714285714,20,5,270
-0.008592910848549962,-0.28358208955223885,19,2,119
0.0021668472372697867,0.01041666666666674,19,4,219
0.025405405405405368,0.23711340206185572,22,6,322
-0.023721665788086432,-0.21666666666666667,17,2,117
-0.005399568034557212,0.0,19,4,219
0.003800217155266017,0.25531914893617014,20,6,320
-0.014602487831260058,-0.0423728813559322,18,3,168
0.008781558726673966,-0.07079646017699115,20,3,170
0.01577801958650693,-0.09523809523809523,21,3,171
-0.002142474558114671,0.09473684210526323,19,4,219
-0.032206119162640934,0.009615384615384581,17,4,217
0.0005546311702717688,0.00952380952380949,19,4,219
0.0354767184035476,0.15094339622641506,22,5,272
-0.020877944325481845,-0.049180327868852514,17,3,167
-0.004373974849644635,-0.25,19,2,119
0.019220208676551387,0.09195402298850586,21,4,221
-0.057650862068965525,0.18947368421052624,14,5,264
0.04745568896512298,0.03539823008849563,23,4,223
-0.028384279475982543,-0.05128205128205132,17,3,167
0.003370786516853963,-0.08108108108108103,20,3,170
-0.022396416573348232,0.07843137254901955,17,4,217
0.0034364261168384758,-0.1454545454545455,20,3,170
0.06963470319634713,0.0957446808510638,25,4,225
0.0490928495197438,0.04854368932038833,24,4,224
-0.017802644964394654,-0.05555555555555558,18,3,168
-0.05955463490419466,0.303921568627451,14,6,314
0.03138766519823788,-0.052631578947368474,22,3,172
0.022423918846769864,-0.18253968253968256,21,2,121
-0.014099216710182882,0.15533980582524265,18,5,268
0.029661016949152463,-0.18487394957983194,22,2,122
-0.026748971193415683,0.12371134020618557,17,5,267
0.03964059196617353,-0.06422018348623848,23,3,173
-0.022877478393492745,0.0490196078431373,17,4,217
-0.013007284079084247,-0.14018691588785048,18,3,168
-0.005271481286241442,-0.03260869565217395,19,4,219
0.004769475357710551,0.022471910112359605,20,4,220
0.002637130801687926,0.01098901098901095,20,4,220
-0.026827985270910015,-0.03260869565217395,17,4,217
-0.000540540540540646,0.3370786516853932,19,6,319
-0.014061654948620883,-0.26890756302521013,18,2,118
-0.011519473395501856,-0.05747126436781613,18,3,168
0.011098779134295134,0.09756097560975618,20,5,270
-0.0005488474204171645,-0.12222222222222223,19,3,169
-0.020867655134541474,0.11392405063291133,17,5,267
0.0,0.0,19,4,219
-0.009534492428491248,0.11363636363636354,18,5,268
-0.047565118912797355,0.16326530612244894,15,5,265
-0.0023781212841854638,-0.07017543859649122,19,3,169
0.0023837902264600697,-0.047169811320754707,20,3,170
0.012485136741973824,0.00990099009900991,20,4,220
0.021139166177334134,0.019607843137254832,21,4,221
-0.02645198389879244,-0.14423076923076927,17,3,167
0.008269344359125741,0.101123595505618,20,5,270
0.015231400117164728,0.15306122448979598,21,5,271
0.03519907674552791,0.16814159292035402,22,5,272
0.021181716833890807,0.0,21,4,221
-0.009825327510917026,-0.05303030303030298,18,3,168
-0.004961411245865577,-0.16800000000000004,19,3,169
0.003324099722991747,0.22115384615384626,20,5,270
-0.003865267807840911,-0.19685039370078738,19,2,119
0.06152993348115299,-0.0490196078431373,25,3,175
-0.03916449086161877,0.14432989690721643,16,5,266
0.07499999999999996,0.23423423423423428,26,6,326
0.020222446916076775,-0.24087591240875916,21,2,121
-0.020812685827551913,0.028846153846153744,18,4,218
0.09412955465587047,-0.3738317757009346,27,1,77
-0.057354301572618005,0.6268656716417911,14,8,414
0.010304219823356497,-0.2018348623853211,20,2,120
0.01214181641573564,0.26436781609195403,20,6,320
-0.019673704414587267,-0.09090909090909094,18,3,168
0.002936857562408024,-0.040000000000000036,20,4,220
-0.04050756466569061,-0.04166666666666663,16,3,166
0.10020345879959303,-0.26086956521739135,28,2,128
-0.04438280166435493,0.7058823529411764,15,9,465
0.029027576197387273,-0.1724137931034483,22,3,172
0.0263281617301363,0.01041666666666674,22,4,222
0.025194686211635453,-0.07216494845360821,21,3,171
-0.008042895442359144,-0.06666666666666665,19,3,169
-0.03063063063063065,0.19047619047619047,17,5,267
0.014869888475836479,-0.06000000000000005,21,3,171
0.012820512820512775,-0.05319148936170215,20,3,170
0.028028933092224095,-0.1910112359550562,22,2,122
-0.054529463500439856,0.4027777777777777,15,7,365
0.018139534883720998,0.06930693069306937,21,4,221
0.035175879396984966,-0.09259259259259256,22,3,172
0.022506619593998245,-0.173469387755102,21,3,171
0.002157962883038378,0.308641975308642,19,6,319
0.029715762273901714,0.08490566037735858,22,4,222
-0.004182350480970376,-0.08695652173913049,19,3,169
0.00545989080218412,-0.01904761904761909,20,4,220
-0.05179615705931495,0.029126213592232997,15,4,215
0.06255506607929506,-0.05660377358490565,25,3,175
0.005804311774461057,-0.53,20,0,20
-0.021434460016488077,1.2127659574468086,17,13,667
-0.030328559393428822,-0.20192307692307687,17,2,117
-0.0156385751520417,0.06024096385542177,18,4,218
0.052074139452780166,-0.045454545454545414,24,3,174
-0.009647651006711278,0.11904761904761907,18,5,268
0.003811944091486552,-0.07446808510638303,20,3,170
-0.013502109704641385,0.1954022988505748,18,5,268
0.009409751924721821,0.25,20,6,320
0.027966101694915313,0.007692307692307665,22,4,222
0.03338829348722183,-0.07633587786259544,22,3,172
0.08815317112086163,0.1322314049586777,27,5,277
0.020527859237536417,-0.2043795620437956,21,2,121
0.056752873563218564,-0.1834862385321101,24,2,124
-0.03501019714479947,0.2696629213483146,16,6,316
-0.03628038041563919,0.053097345132743445,16,4,216
-0.035453216374269125,-0.134453781512605,16,3,166
-0.0034103827207274673,-0.12621359223300976,19,3,169
-0.0003802281368820992,-0.06666666666666665,19,3,169
-0.0034233548877899977,0.023809523809523725,19,4,219
-0.042748091603053484,0.023255813953488413,16,4,216
-0.049043062200957,-0.13636363636363635,15,3,165
-0.019287211740041887,0.35526315789473695,18,6,318
0.0068405301410858765,-0.24271844660194175,20,2,120
-0.06369426751592355,0.17948717948717952,14,5,264
0.07755102040816308,0.326086956521739,26,6,326
0.006734006734006703,-0.040983606557377095,20,3,170
0.04473244147157196,-0.19658119658119655,23,2,123
-0.045218087234893956,-0.13829787234042556,15,3,165
0.046940486169321005,-0.06172839506172845,23,3,173
0.032826261008807034,0.0,22,4,222
-0.04379844961240309,0.19736842105263164,16,5,266
0.025131738954195404,0.0,21,4,221
0.009885330170027684,0.2637362637362637,20,6,320
0.016444792482380732,-0.09565217391304348,21,3,171
0.0023112480739597707,0.07692307692307687,20,4,220
-0.01114527286702538,-0.017857142857142905,18,4,218
0.02254178002331897,-0.045454545454545414,21,3,171
-0.009882174078297168,-0.05714285714285716,18,3,168
0.004606525911708292,-0.1717171717171717,20,3,170
0.019487963316775048,0.37804878048780477,21,7,371
-0.010869565217391464,-0.33628318584070793,18,1,68
-0.035998484274346265,-0.12,16,3,166
-0.031053459119496973,0.21212121212121215,17,5,267
0.015010141987829684,0.1625000000000001,21,5,271
-0.05555555555555547,-0.09677419354838712,14,3,164
0.055438002539145215,0.26190476190476186,24,6,324
-0.01122694466720131,-0.28301886792452835,18,2,118
-0.012570965125709654,0.013157894736842035,18,4,218
-0.003285420944558526,0.01298701298701288,19,4,219
0.028018129377832768,0.03846153846153855,22,4,222
-0.04128256513026063,-0.2716049382716049,16,2,116
0.015886287625418216,0.5084745762711864,21,8,421
-0.009053497942386968,0.101123595505618,19,5,269
0.023255813953488413,-0.030612244897959218,21,4,221
-0.0044642857142858094,-0.17894736842105263,19,2,119
0.03546677537708942,0.012820512820512775,22,4,222
-0.006692913385826782,0.07594936708860756,19,4,219
0.003963535473642477,0.03529411764705892,20,4,220
0.018949861823924108,-0.25,21,2,121
-0.00038744672607515795,0.1515151515151516,19,5,269
0.0073643410852712865,0.2894736842105263,20,6,320
0.030781069642169978,-0.173469387755102,22,3,172
-0.012318029115341522,-0.2098765432098766,18,2,118
0.03854875283446724,-0.25,23,2,123
-0.018558951965065518,0.5625,18,8,418
-0.0737856878012606,-0.42666666666666664,13,1,63
0.11409127301841471,1.5348837209302326,29,15,779
0.014372978799856329,-0.3119266055045872,21,2,121
-0.052780729720155906,-0.1333333333333333,15,3,165
-0.007105459985041196,-0.18461538461538463,19,2,119
0.012806026365348444,0.2264150943396226,20,5,270
-0.020453700260319896,0.0,18,4,218
0.016704631738800213,-0.0461538461538461,21,3,171
-0.06796116504854366,1.161290322580645,13,12,613
0.01081730769230771,-0.3805970149253731,20,1,70
-0.024177566389219196,-0.2530120481927711,17,2,117
0.0056864337936635145,0.17741935483870974,20,5,270
-0.00767366720516971,0.12328767123287676,19,5,269
-0.007326007326007189,-0.08536585365853655,19,3,169
0.03362033620336202,0.026666666666666616,22,4,222
0.0019833399444664224,0.3246753246753247,19,6,319
-0.006334125098970689,-0.019607843137254943,19,4,219
-0.028685258964143312,-0.27,17,2,117
0.04552912223133698,-0.04109589041095896,23,3,173
-0.0007846214201646662,0.19999999999999996,19,5,269
-0.0003926187671772219,-0.2857142857142857,19,2,119
-0.00746268656716409,0.10000000000000009,19,5,269
0.045112781954887105,0.19696969696969702,23,5,273
-0.021582733812949617,-0.012658227848101222,17,4,217
0.039086687306501444,-0.21794871794871795,23,2,123
-0.014897579143389184,-0.2295081967213115,18,2,118
-0.033270321361058675,0.2978723404255319,16,6,316
0.05201407899882682,0.14754098360655732,24,5,274
-0.04981412639405203,0.11428571428571432,15,5,265
0.02543035993740217,-0.02564102564102566,22,4,222
-0.027088897367417042,-0.06578947368421051,17,3,167
0.0235294117647058,0.05633802816901401,21,4,221
0.05977011494252871,-0.22666666666666668,24,2,124
-0.03904555314533631,0.24137931034482762,16,6,316
0.023702031602708784,-0.23611111111111116,21,2,121
-0.03491363469312758,0.21818181818181825,16,5,266
-0.03351104341203359,0.3880597014925373,16,7,366
-0.024822695035460862,-0.032258064516129004,17,4,217
0.0573737373737373,-0.21111111111111114,24,2,124
-0.027894535727932768,-0.05633802816901412,17,3,167
-0.058569182389937136,0.8208955223880596,14,10,514
0.03256784968684756,-0.34426229508196726,22,1,72
-0.05944197331176704,-0.07499999999999996,14,3,164
0.02149613069647449,0.21621621621621623,21,5,271
0.02020202020202011,0.05555555555555558,21,4,221
0.04909240924092417,-0.06315789473684208,24,3,174
0.0023594180102239903,-0.3146067415730337,20,1,70
0.09219301686936054,0.8360655737704918,27,10,527
0.021910919540230056,-0.4553571428571429,21,0,21
0.08541300527240758,1.1311475409836067,27,12,627
0.030440414507771907,-0.5076923076923077,22,0,22
0.011942174732872513,-0.015625,20,4,220
-0.03260869565217395,-0.031746031746031744,16,4,216
-0.020224719101123667,-0.09836065573770492,18,3,168
0.008191349934469239,0.0,20,4,220
-0.02664933376665579,-0.18181818181818177,17,2,117
-0.021368948247078468,0.5777777777777777,17,8,417
-0.016717843739338045,0.295774647887324,18,6,318
-0.006592643997224146,-0.26086956521739135,19,2,119
-0.014669926650366705,0.0,18,4,218
0.0017724211272598378,-0.25,19,2,119
-0.03609341825902335,0.196078431372549,16,5,266
0.024596182085168783,-0.21311475409836067,21,2,121
-0.006091006807595778,0.29166666666666674,19,6,319
-0.006128334534967528,0.06451612903225801,19,4,219
0.07181719260065278,0.39393939393939403,26,7,376
0.001353637901861271,-0.3152173913043478,19,1,69
-0.013856032443393063,0.031746031746031855,18,4,218
-0.025702535983550434,0.03076923076923066,17,4,217
-0.036581076327822704,-0.10447761194029848,16,3,166
-0.04381161007667023,0.8999999999999999,16,10,516
0.015273004963726411,-0.2807017543859649,21,2,121
-0.024069198946972348,0.03658536585365857,17,4,217
0.021194605009633882,-0.02352941176470591,21,4,221
0.020000000000000018,-0.15662650602409633,21,3,171
-0.08398076211616723,0.48571428571428577,12,7,362
0.019789983844911152,-0.17307692307692313,21,3,171
0.009108910891089117,-0.023255813953488413,20,4,220
0.013736263736263687,-0.04761904761904767,20,3,170
0.0019357336430507743,-0.22499999999999998,19,2,119
0.14103554868624402,1.629032258064516,32,16,832
0.06400270910938022,-0.44171779141104295,25,1,75
0.07765754296626359,0.27472527472527464,26,6,326
0.015652687536916732,-0.2931034482758621,21,2,121
0.017446932247746405,-0.19512195121951215,21,2,121
0.033723921120319966,0.015151515151515138,22,4,222
-0.03455902681780476,-0.13432835820895528,16,3,166
0.0077319587628865705,0.18965517241379315,20,5,270
0.013924410343847615,0.14492753623188404,21,5,271
0.0016816143497757619,-0.21518987341772156,19,2,119
-0.013430330162283122,-0.16129032258064513,18,3,168
0.03460011344299496,0.28846153846153855,22,6,322
-0.01918859649122817,0.11940298507462677,18,5,268
-0.008664058133035168,-0.18666666666666665,19,2,119
-0.0716098111079786,-0.11475409836065575,13,3,163
0.028545399331916244,0.18518518518518512,22,5,272
0.016829052258635846,-0.265625,21,2,121
-0.014518002322880363,0.0851063829787233,18,4,218
0.01414260459634642,0.15686274509803932,21,5,271
0.036897152818129,0.016949152542372836,23,4,223
-0.056038105912020075,0.08333333333333326,14,4,214
0.03918076580587693,-0.03076923076923077,23,4,223
-0.06369608683233363,0.015873015873015817,14,4,214
0.0768761439902379,-0.109375,26,3,176
0.001983002832861125,-0.03508771929824561,19,4,219
-0.013005371783997632,0.0,18,4,218
0.05757662560870802,0.3272727272727274,24,6,324
-0.056608884073672816,-0.06849315068493156,14,3,164
0.012345679012345512,-0.08823529411764708,20,3,170
-0.0397050482132727,-0.17741935483870963,16,2,116
0.006792675723567454,0.23529411764705888,20,6,320
-0.016427104722792518,-0.17460317460317465,18,3,168
0.03847300924545194,0.0,23,4,223
-0.037047673750717935,0.23076923076923084,16,5,266
-0.014315538323889099,0.328125,18,6,318
-0.00998487140695925,-0.3411764705882353,18,1,68
0.028728606356968278,0.0714285714285714,22,4,222
0.01455733808674986,-0.18333333333333335,21,2,121
-0.00468521229868224,0.346938775510204,19,6,319
0.006472491909385036,0.5606060606060606,20,8,420
0.0002923121894184977,0.10679611650485432,19,5,269
0.02337814143775563,0.06140350877192979,21,4,221
0.041404911479154816,-0.2975206611570248,23,2,123
0.020290649849191267,-0.19999999999999996,21,2,121
-0.02069336199946248,0.13235294117647056,18,5,268
0.0,0.10389610389610393,19,5,269
0.006037321624588365,0.10588235294117654,20,5,270
0.04309874522640489,-0.010638297872340385,23,4,223
-0.022228033472803332,-0.09677419354838712,17,3,167
-0.011500401176785191,-0.3214285714285714,18,1,68
0.00027056277056281,0.2807017543859649,19,6,319
-0.001622937516905676,0.09589041095890405,19,4,219
-0.023841777296125577,0.1875,17,5,267
-0.0036081043574799354,0.03157894736842115,19,4,219
0.008356545961002881,0.061224489795918435,20,4,220
-0.015469613259668558,-0.06730769230769229,18,3,168
0.017396184062850706,-0.1649484536082474,21,3,171
0.020408163265306145,-0.03703703703703709,21,4,221
-0.024864864864864833,0.02564102564102555,17,4,217
0.058481152993347996,-0.1875,24,2,124
0.004189578423671181,0.3538461538461539,20,6,320
-0.02059973924380709,0.18181818181818188,18,5,268
-0.005591054313099031,-0.29807692307692313,19,2,119
-0.007764390896921047,-0.013698630136986356,19,4,219
0.0064759848893685135,0.06944444444444442,20,4,220
0.021983914209115163,-0.1428571428571429,21,3,171
-0.006295907660020972,0.3787878787878789,19,7,369
0.015047518479408772,0.0,21,4,221
0.03589076723016893,-0.15384615384615385,22,3,172
-0.0524730102937484,0.19480519480519476,15,5,265
0.017753047164811964,-0.1630434782608695,21,3,171
-0.0554543087737569,0.025974025974025983,14,4,214
0.01901874310915108,0.012658227848101333,21,4,221
-0.024614552339734974,0.30000000000000004,17,6,317
0.047975596228508,-0.019230769230769273,23,4,223
0.045514686424980244,-0.06862745098039214,23,3,173
0.0037965072133636646,0.1578947368421053,20,5,270
0.009833585476550555,-0.15454545454545454,20,3,170
0.014232209737827795,0.053763440860215006,21,4,221
-0.034219596258001084,0.1428571428571428,16,5,266
0.03874585776191686,0.2321428571428572,23,5,273
0.06920245398773006,-0.23913043478260865,25,2,125
0.03695203121413804,0.19999999999999996,23,5,273
0.024568393094289487,-0.11111111111111116,21,3,171
0.07863469431842751,-0.0625,26,3,176
0.05247346284798704,-0.04761904761904767,24,3,174
0.002093244529020044,-0.18999999999999995,19,2,119
-0.019369540448158085,-0.2098765432098766,18,2,118
-0.021882261812548376,-0.03125,17,4,217
0.07780637497525245,0.7741935483870968,26,9,476
0.03967670830271852,-0.1454545454545455,23,3,173
-0.018727915194346245,-0.24468085106382975,18,2,118
0.008102268635217902,0.05633802816901401,20,4,220
0.04036435077692446,0.32000000000000006,23,6,323
0.11090128755364814,-0.06060606060606055,29,3,179
-0.019780559418946075,-0.16129032258064513,18,3,168
0.026801198171212404,0.33333333333333326,22,6,322
-0.011822508828496892,-0.038461538461538436,18,4,218
-0.03775637041640778,-0.15000000000000002,16,3,166
0.019699660907476213,-0.2705882352941177,21,2,121
0.03420427553444161,0.4838709677419355,22,7,372
-0.02771397948246823,-0.2934782608695652,17,2,117
0.06110236220472465,0.3076923076923077,25,6,325
0.10121697833184906,-0.3529411764705882,28,1,78
-0.06334231805929913,0.5272727272727273,14,8,414
-0.07611510791366904,0.19047619047619047,13,5,263
0.02211493536832254,-0.49,21,0,21
-0.016151150388541757,0.2549019607843137,18,6,318
-0.005885085953229119,0.109375,19,5,269
-0.019629225736095934,0.14084507042253525,18,5,268
0.004290481487366993,0.1358024691358024,20,5,270
-0.004588607594936733,-0.14130434782608692,19,3,169
-0.04371324113813391,0.08860759493670889,16,4,216
-0.09125664893617025,0.38372093023255816,11,7,361
-0.028169014084507005,-0.26050420168067223,17,2,117
0.0634293242988897,-0.30681818181818177,25,2,125
-0.006371681415929253,0.278688524590164,19,6,319
0.03847524047025308,-0.15384615384615385,23,3,173
-0.04339622641509433,-0.015151515151515138,16,4,216
-0.04572350726196883,0.04615384615384621,15,4,215
-0.018602029312288604,-0.014705882352941124,18,4,218
0.024315527474631393,0.08955223880597019,21,4,221
0.03065420560747678,0.0,22,4,222
-0.11896989481320286,0.5890410958904109,9,8,409
-0.0150267599835322,-0.1724137931034483,18,3,168
0.0045977011494253706,-0.03125,20,4,220
0.019346785937174982,-0.27956989247311825,21,2,121
-0.005102040816326592,0.04477611940298498,19,4,219
-0.020717948717948742,-0.042857142857142816,18,3,168
0.06975282781734404,0.0,25,4,225
0.0007832386919912615,-0.16417910447761197,19,3,169
-0.016239483467031968,0.3214285714285714,18,6,318
-0.06543357199681776,0.5135135135135136,14,8,414
-0.008725260693764558,-0.2678571428571429,19,2,119
-0.024259338772005257,-0.08536585365853655,17,3,167
-0.006380638063806399,-0.053333333333333344,19,3,169
0.04495128432240936,-0.07042253521126762,23,3,173
-0.02436956982411531,0.07575757575757569,17,4,217
0.010208514335360519,0.2535211267605635,20,6,320
-0.06751236293270269,-0.1685393258426966,13,3,163
0.041042195065713605,-0.05405405405405406,23,3,173
0.018161683277962526,0.02857142857142847,21,4,221
-0.025016314988035693,-0.18055555555555558,17,2,117
-0.012717536813922403,0.27118644067796605,18,6,318
0.05536723163841817,-0.026666666666666616,24,4,224
0.03790149892933625,-0.17808219178082196,23,2,123
0.00907778007014648,-0.09999999999999998,20,3,170
0.05908812103864225,-0.07407407407407407,24,3,174
-0.0563706563706563,0.30000000000000004,14,6,314
0.001841243862520603,-0.16923076923076918,19,3,169
-0.002654686542781226,0.12962962962962954,19,5,269
0.015356265356265109,0.24590163934426235,21,6,321
-0.027021576930832736,-0.11842105263157898,17,3,167
0.03523316062176174,0.014925373134328401,22,4,222
0.009409409409409264,-0.1470588235294118,20,3,170
-0.011900039666798867,0.034482758620689724,18,4,218
0.01184263348052994,0.10000000000000009,20,5,270
0.02420154731204116,-0.0757575757575758,21,3,171
0.025566531086577582,-0.1311475409836066,22,3,172
-0.026817752596789535,0.2075471698113207,17,5,267
0.002910925674364462,-0.046875,20,3,170
-0.007352941176470673,0.24590163934426235,19,6,319
-0.007797270955165692,-0.14473684210526316,19,3,169
0.011591355599214204,-0.07692307692307687,20,3,170
-0.012623810448630923,-0.06666666666666665,18,3,168
0.016915814319433675,-0.0357142857142857,21,4,221
-0.013926499032882012,0.07407407407407418,18,4,218
-0.015496273048254183,-0.12068965517241381,18,3,168
0.0051803148037457,0.0980392156862746,20,5,270
-0.022001982160554934,-0.1071428571428571,17,3,167
0.02290231049858127,0.020000000000000018,21,4,221
-0.03071131365167412,0.17647058823529416,17,5,267
-0.050490596892886486,0.25,15,6,315
-0.007534983853605848,-0.10666666666666669,19,3,169
-0.020390455531453466,0.11940298507462677,18,5,268
0.0022143489813994943,-0.22666666666666668,19,2,119
-0.025850640742377418,0.2586206896551724,17,6,317
0.028804717623043707,-0.23287671232876717,22,2,122
-0.04431216931216919,0.25,15,6,315
-0.005767012687427964,0.17142857142857149,19,5,269
-0.037587006960556835,-0.1585365853658537,16,3,166
-0.0364030858244937,0.10144927536231885,16,5,266
-0.010007505629221924,-0.3421052631578947,18,1,68
0.013393985342431192,-0.12,20,3,170
0.02044887780548632,0.34090909090909083,21,6,321
0.04496578690127073,-0.3220338983050848,23,1,73
0.01379794200187101,0.0,21,4,221
0.032987312572087646,0.1499999999999999,22,5,272
0.008039303260384267,-0.10869565217391308,20,3,170
-0.013735046521931804,0.3170731707317074,18,6,318
-0.0880503144654089,0.462962962962963,12,7,362
-0.03743842364532013,0.03797468354430378,16,4,216
-0.0023029682702149223,-0.03658536585365857,19,4,219
0.2405745062836624,-0.20253164556962022,40,2,140
-0.145131279718834,-0.11111111111111116,7,3,157
0.02321644498186215,0.1071428571428572,21,5,271
0.0347435594422123,-0.19354838709677424,22,2,122
0.007994518044769361,-0.06000000000000005,20,3,170
-0.017448447767958286,0.14893617021276606,18,5,268
-0.0006918819188191927,0.07407407407407418,19,4,219
-0.026309716132010164,0.18965517241379315,17,5,267
0.020383977245792773,-0.4057971014492754,21,1,71
-0.0027874564459929863,0.853658536585366,19,10,519
-0.01956673654786878,-0.3026315789473685,18,2,118
0.016631028747921217,-0.037735849056603765,21,4,221
-0.0196307548492638,0.3529411764705883,18,6,318
0.00023837902264589594,-0.14492753623188404,19,3,169
0.012869399428026673,0.10169491525423724,20,5,270
-0.003529411764705781,0.04615384615384621,19,4,219
0.012042502951593592,-0.11764705882352944,20,3,170
0.014932337844143717,-0.09999999999999998,21,3,171
-0.01839080459770115,0.22222222222222232,18,5,268
0.028337236533958032,-0.06060606060606055,22,3,172
-0.022546117057617887,0.08064516129032251,17,4,217
-0.0037278657968312645,-0.10447761194029848,19,3,169
0.01028999064546321,-0.31666666666666665,20,1,70
0.004861111111110983,0.4390243902439024,20,7,370
-0.017507486754204216,0.016949152542372836,18,4,218
0.002579132473622625,-0.21666666666666667,20,2,120
-0.017773620205799756,0.02127659574468077,18,4,218
-0.0323809523809524,0.08333333333333326,16,4,216
0.020423228346456712,0.25,21,6,321
0.02845430431637319,-0.18461538461538463,22,2,122
0.016412661195779776,0.018867924528301883,21,4,221
-0.023298731257208716,-0.14814814814814814,17,3,167
-0.0028341993386866715,0.19565217391304346,19,5,269
0.019185220274751114,-0.054545454545454564,21,3,171
0.011155008133860056,0.07692307692307687,20,4,220
-0.03493449781659397,-0.1785714285714286,16,2,116
0.02572040962133859,0.19565217391304346,22,5,272
-0.008126306013466533,0.16363636363636358,19,5,269
0.013108614232209659,-0.265625,20,2,120
-0.024491682070240217,0.27659574468085113,17,6,317
0.07129322595926091,-0.01666666666666672,25,4,225
-0.039796595180190075,-0.06779661016949157,16,3,166
0.017959935528436555,-0.18181818181818177,21,2,121
-0.061072155620900404,0.288888888888889,14,6,314
0.040231269573596684,0.01724137931034475,23,4,223
0.05488652153774898,0.05084745762711873,24,4,224
-0.04522502744237089,-0.09677419354838712,15,3,165
-0.005518510002299415,0.0714285714285714,19,4,219
-0.0030057803468207522,-0.06666666666666665,19,3,169
0.07212430426716132,0.7678571428571428,26,9,476
0.14536015574302397,0.1212121212121211,32,5,282
0.05590179414542029,-0.12612612612612617,24,3,174
0.016097299230906748,-0.030927835051546393,21,4,221
-0.02006688963210701,-0.17021276595744683,18,3,168
-0.0183222561523263,0.02564102564102555,18,4,218
-0.004025617566331241,-0.15000000000000002,19,3,169
-0.010288443872864206,0.1470588235294117,18,5,268
0.015407462409504413,0.1923076923076923,21,5,271
0.025411334552102316,0.08602150537634401,22,4,222
-0.02085933321447675,-0.15841584158415845,17,3,167
0.031500364166059835,-0.2823529411764706,22,2,122
0.00829655781112093,0.4918032786885247,20,7,370
0.010329131652661028,0.01098901098901095,20,4,220
0.027378270663663162,0.09782608695652173,22,5,272
-0.04958677685950419,-0.306930693069307,15,2,115
0.006743566992014172,0.2142857142857142,20,5,270
-0.015159527586814825,-0.03529411764705881,18,4,218
-0.0007159477358151811,-0.31707317073170727,19,1,69
-0.009493104065914415,0.125,18,5,268
0.013562386980108476,-0.1428571428571429,20,3,170
0.027653880463871516,0.14814814814814814,22,5,272
-0.010763888888888795,-0.048387096774193505,18,3,168
-0.0021060021060022027,0.06779661016949157,19,4,219
0.032184312346113186,-0.06349206349206349,22,3,172
-0.017890611688532898,-0.288135593220339,18,2,118
-0.01717557251908397,0.8333333333333333,18,10,518
0.11562224183583414,0.5324675324675325,29,8,429
0.04113924050632911,0.2966101694915255,23,6,323
0.0462006079027355,0.013071895424836555,23,4,223
0.04285299244625218,0.006451612903225712,23,4,223
0.05543947625017398,-0.33974358974358976,24,1,74
-0.012801900488319862,0.058252427184465994,18,4,218
-0.002673796791443861,-0.05504587155963303,19,3,169
0.024530831099195627,-0.10679611650485432,21,3,171
0.024074316367918458,0.04347826086956519,21,4,221
0.0509773859716367,0.23958333333333326,24,6,324
0.011305616338439073,-0.04201680672268904,20,3,170
0.006370958047842157,-0.3070175438596491,20,2,120
-0.018514094601051023,-0.10126582278481011,18,3,168
-0.006815139345259902,0.07042253521126751,19,4,219
0.30082097782134554,6.118421052631579,45,48,2445
-0.03626601356443104,-0.7245841035120149,16,-1,-34
-0.03489394976053162,-0.22818791946308725,16,2,116
0.08993315778813038,-0.23478260869565215,27,2,127
-0.04673852443783688,-0.15909090909090906,15,3,165
-0.04376644897163462,0.04054054054054057,16,4,216
0.003261977573904229,-0.2857142857142857,20,2,120
-0.0023369233895549346,0.1454545454545455,19,5,269
-0.03493227416233835,0.6190476190476191,16,8,416
-0.08231321232587596,0.10784313725490202,12,5,262
-0.02932382704691805,-0.22123893805309736,17,2,117
-0.02523397701694119,-0.17045454545454541,17,3,167
-0.0281964025279533,-0.04109589041095896,17,3,167
-0.03101550775387696,0.11428571428571432,17,5,267
0.02065049044914824,0.07692307692307687,21,4,221
-0.022003034901365792,-0.1785714285714286,17,2,117
-0.01137832945435735,0.0,18,4,218
-0.026288255296887164,0.34782608695652173,17,6,317
-0.015849563465413108,-0.053763440860215006,18,3,168
0.026067967790364355,-0.31818181818181823,22,1,72
-0.010774142059058245,0.08333333333333326,18,4,218
-0.012639505176818666,0.04615384615384621,18,4,218
-0.004494075990739477,-0.08823529411764708,19,3,169
0.0015047879616962856,0.09677419354838701,19,5,269
0.029640759459090393,-0.07352941176470584,22,3,172
0.03462456885115417,-0.07936507936507942,22,3,172
0.10116681625849444,-0.31034482758620685,28,2,128
-0.11376339077782949,0.5,9,7,359
0.023255813953488413,-0.050000000000000044,21,3,171
-0.02157164869029282,-0.22807017543859653,17,2,117
-0.029002624671916055,0.5454545454545454,17,8,417
0.0304095147992971,-0.08823529411764708,22,3,172
-0.023871983210912884,-0.30645161290322576,17,2,117
0.031846277882289664,-0.2093023255813954,22,2,122
-0.03385857533533021,0.2941176470588236,16,6,316
0.04879363795659786,0.13636363636363646,24,5,274
-0.01927772779848347,0.020000000000000018,18,4,218
0.020311885729262125,0.019607843137254832,21,4,221
0.04675057796044202,0.21153846153846145,23,5,273
-0.01705521472392657,-0.3015873015873016,18,2,118
-0.04468855323929588,0.11363636363636354,15,5,265
-0.06389651117208939,0.12244897959183665,14,5,264
-0.02777777777777779,-0.09090909090909094,17,3,167
-0.006317300789662528,0.15999999999999992,19,5,269
0.013148388961132573,-0.051724137931034475,20,3,170
0.01312036508841996,0.09090909090909083,20,4,220
-0.0033783783783783994,-0.09999999999999998,19,3,169
0.009039548022598876,0.0,20,4,220
0.003779395296752641,-0.18518518518518523,20,2,120
0.02607725561288521,-0.11363636363636365,22,3,172
-0.01032889372111978,0.02564102564102555,18,4,218
0.0260917330403736,0.19999999999999996,22,5,272
-0.012580299785867277,-0.02083333333333337,18,4,218
0.051504472756844555,-0.17021276595744683,24,3,174
-0.04227893787058523,-0.1282051282051282,16,3,166
0.05262449528936752,-0.17647058823529416,24,3,174
-0.0006393044367727363,0.1785714285714286,19,5,269
-0.038382804503582335,0.5151515151515151,16,8,416
-0.020223523150612044,-0.28,18,2,118
0.025393807713199434,0.13888888888888884,22,5,272
-0.00291352138789569,-0.3414634146341463,19,1,69
-0.010758400850046423,0.2592592592592593,18,6,318
0.043233082706766846,0.02941176470588225,23,4,223
-0.052380952380952306,-0.22857142857142854,15,2,115
0.00937118022545147,-0.03703703703703709,20,4,220
-0.017626480086114116,0.6923076923076923,18,9,468
0.015888234488426134,0.022727272727272707,21,4,221
-0.013887016313873457,-0.19999999999999996,18,2,118
0.005742411812961423,-0.16666666666666663,20,3,170
0.010195758564437218,0.10000000000000009,20,5,270
0.0014802852913471387,0.48484848484848486,19,7,369
-0.06396130072561135,-0.08163265306122447,14,3,164
-0.03258685041630782,-0.15555555555555556,16,3,166
-0.005342038878171751,-0.052631578947368474,19,3,169
0.02491421751454559,0.25,21,6,321
0.029694323144104695,-0.2666666666666667,22,2,122
-0.020780322307039856,0.2727272727272727,18,6,318
-0.016312978201241446,0.11904761904761907,18,5,268
-0.011740534194305874,-0.14893617021276595,18,3,168
0.03356103356103346,-0.09999999999999998,22,3,172
0.024281609195402343,-0.19444444444444442,21,2,121
-0.03590966474961421,0.27586206896551735,16,6,316
0.025898443183471453,0.054054054054053946,22,4,222
-0.022408169054034976,0.0,17,4,217
-0.021761207021616102,0.0,17,4,217
0.08734984428296011,-0.02564102564102566,27,4,227
-0.019230769230769273,-0.10526315789473684,18,3,168
-0.016687526074259496,0.05882352941176472,18,4,218
0.041861122896337255,0.08333333333333326,23,4,223
-0.025790688204153756,-0.07692307692307687,17,3,167
0.015466072175003509,-0.2777777777777778,21,2,121
-0.017974753018660805,0.11538461538461542,18,5,268
0.03507056029062472,0.13793103448275867,22,5,272
-0.01808855291576683,-0.1515151515151515,18,3,168
0.00013747594171031885,0.8928571428571428,19,10,519
0.03491408934707896,-0.4528301886792453,22,0,22
-0.053260725195909076,0.17241379310344818,15,5,265
-0.023569023569023573,0.1470588235294117,17,5,267
0.024137931034482696,-0.23076923076923073,21,2,121
-0.007154882154882136,0.5666666666666667,19,8,419
0.01257595026141023,-0.3191489361702128,20,1,70
-0.03935249790678208,0.03125,16,4,216
-0.028036025566531175,0.1212121212121211,17,5,267
0.0025407263488268494,-0.3513513513513513,20,1,70
0.02295766249254627,0.41666666666666674,21,7,371
-0.02696006995045186,-0.11764705882352944,17,3,167
-0.05077130447805889,0.19999999999999996,15,5,265
0.026506784474597644,0.05555555555555558,22,4,222
-0.02797417768213961,-0.1578947368421053,17,3,167
0.03399746995572417,-0.3125,22,2,122
-0.020339501452821485,0.8636363636363635,18,10,518
0.037777083983765225,-0.09756097560975607,23,3,173
-0.011582430806257538,-0.18918918918918914,18,2,118
0.009739765636889386,0.30000000000000004,20,6,320
0.018236623963828302,-0.15384615384615385,21,3,171
0.016281823564239017,0.1515151515151516,21,5,271
-0.01063210020390326,-0.5526315789473684,18,0,18
-0.004269100544678328,0.8823529411764706,19,10,519
-0.008722649319929054,0.84375,19,10,519
0.02162565249813575,-0.27118644067796616,21,2,121
0.038248175182481914,0.04651162790697683,23,4,223
0.008436445444319318,0.15555555555555545,20,5,270
0.011572783045175727,0.05769230769230771,20,4,220
-0.053204686423156455,-0.2727272727272727,15,2,115
-0.029116319697190307,-0.19999999999999996,17,2,117
-0.007347428400059863,0.5625,19,8,419
0.0309667673716012,-0.14,22,3,172
-0.021684981684981786,-0.046511627906976716,17,3,167
0.08012580500224664,0.36585365853658547,26,6,326
-0.03535773710482526,-0.2142857142857143,16,2,116
-0.020842317090699947,-0.25,17,2,117
-0.010422783323546736,-0.030303030303030276,18,4,218
-0.012016021361815676,0.1875,18,5,268
0.01501501501501501,0.07894736842105265,21,4,221
-0.026923076923076827,0.024390243902439046,17,4,217
0.05351170568561869,0.0,24,4,224
-0.02135642135642135,0.1428571428571428,17,5,267
-0.0036862282512534206,-0.20833333333333337,19,2,119
0.025603078289181624,-0.02631578947368418,22,4,222
-0.015873015873015817,0.32432432432432434,18,6,318
-0.007038123167155463,-0.30612244897959184,19,2,119
0.056408741878322344,0.3529411764705883,24,6,324
0.036622868325412394,0.0,22,4,222
-0.007011866235167252,-0.04347826086956519,19,3,169
0.00040738728951650316,-0.06818181818181823,19,3,169
-0.026740871453780346,-0.14634146341463417,17,3,167
-0.004741980474198049,0.02857142857142847,19,4,219
0.0007006726457399193,-0.02777777777777779,19,4,219
0.033748774681417126,0.19999999999999996,22,5,272
-0.020048767271741985,-0.023809523809523836,18,4,218
0.02280895769975122,0.09756097560975618,21,5,271
0.004865522367887509,-0.2666666666666667,20,2,120
-0.009145931405514451,0.21212121212121215,19,5,269
-0.015202931994027447,-0.4,18,1,68
-0.05237767057201925,1.9166666666666665,15,18,915
0.00290909090909075,-0.22857142857142854,20,2,120
-0.025525743292240666,0.03703703703703698,17,4,217
-0.02559904747730324,-0.1964285714285714,17,2,117
0.02000916450282575,-0.1777777777777778,21,2,121
0.004791853848457706,0.18918918918918926,20,5,270
-0.009687034277198303,-0.2954545454545454,18,2,118
0.024529721595184295,0.3870967741935485,21,7,371
0.006022326674500533,-0.046511627906976716,20,3,170
0.023069061176814065,0.07317073170731714,21,4,221
0.018124732410446764,0.25,21,6,321
0.03069806560134558,-0.5454545454545454,22,0,22
-0.015231878144974842,-0.12,18,3,168
0.003176356856787743,0.3181818181818181,20,6,320
-0.026844713656387742,0.06896551724137923,17,4,217
0.01273164521148673,-0.12903225806451613,20,3,170
0.025562229361642652,-0.14814814814814814,22,3,172
-0.04385725960228826,0.4782608695652173,16,7,366
0.003133903133903271,-0.08823529411764708,20,3,170
0.03564328315819365,-0.06451612903225812,22,3,172
0.017139723022076003,0.2068965517241379,21,5,271
-0.031679698031814585,-0.2571428571428571,17,2,117
0.014478630098844425,0.1923076923076923,21,5,271
0.03156305749965704,0.0,22,4,222
0.0005321271783955694,0.0,19,4,219
-0.015423480920090382,-0.06451612903225812,18,3,168
-0.02025658338960168,-0.06896551724137934,18,3,168
0.04024810475534113,0.18518518518518512,23,5,273
-0.022790512786537653,0.15625,17,5,267
0.00393220338983058,-0.05405405405405406,20,3,170
0.005132360886007659,-0.05714285714285716,20,3,170
-0.0012093523246439197,-0.09090909090909094,19,3,169
0.0013453518094981298,0.03333333333333344,19,4,219
0.01101706301222638,-0.06451612903225812,20,3,170
-0.049036544850498465,-0.2068965517241379,15,2,115
-0.005589714924538858,0.30434782608695654,19,6,319
0.02318718381112994,0.2666666666666666,21,6,321
-0.027468754291992803,-0.052631578947368474,17,3,167
0.018217765852280632,0.13888888888888884,21,5,271
0.009153952843273139,-0.36585365853658536,20,1,70
0.007421660252886264,0.5,20,7,370
0.0030013642564803433,-0.2564102564102564,20,2,120
-0.038220892274211216,0.2068965517241379,16,5,266
0.02701173808513646,0.1428571428571428,22,5,272
-0.025199669512530942,-0.22499999999999998,17,2,117
0.00014126289023885796,0.22580645161290325,19,5,269
-0.0024011299435028333,-0.21052631578947367,19,2,119
0.008353390910378122,-0.1333333333333333,20,3,170
-0.006739679865206405,0.34615384615384626,19,6,319
0.030251625671473104,0.05714285714285716,22,4,222
-0.0006860592755213446,-0.2702702702702703,19,2,119
0.027598517094603814,0.33333333333333326,22,6,322
-0.014564404061998881,-0.05555555555555558,18,3,168
0.029694915254237397,-0.08823529411764708,22,3,172
-0.015538583091914693,-0.19354838709677424,18,2,118
0.059256286784376666,0.1200000000000001,24,5,274
-0.042429599696931386,0.0714285714285714,16,4,216
-0.02505604641962289,0.0,17,4,217
-0.0039226295144054735,0.5333333333333334,19,8,419
0.030554046713742622,-0.10869565217391308,22,3,172
0.003030702332323054,-0.3902439024390244,20,1,70
0.03166053599579599,0.19999999999999996,22,5,272
-0.02457659493187314,-0.1333333333333333,17,3,167
0.02624020887728462,0.11538461538461542,22,5,272
-0.008268668108383115,0.2068965517241379,19,5,269
-0.01475115443817343,-0.37142857142857144,18,1,68
0.03397995052727509,0.36363636363636354,22,6,322
-0.03147821707378495,-0.33333333333333337,17,1,67
0.022750910036401395,0.1499999999999999,21,5,271
-0.02288038642430401,0.21739130434782616,17,5,267
-0.0092363730974373,0.25,19,6,319
0.005908613445378075,-0.02857142857142858,20,4,220
0.05691163033546531,0.02941176470588225,24,4,224
-0.05372360133382725,-0.19999999999999996,15,2,115
0.024275646045418986,-0.2142857142857143,21,2,121
0.008919469928644341,0.5909090909090908,20,8,420
-0.023617075018944167,-0.4571428571428572,17,0,17
-0.017720864053809238,0.631578947368421,18,8,418
0.022649460100079066,-0.12903225806451613,21,3,171
0.17331959824877674,0.2592592592592593,34,6,334
-0.15803336259877088,-0.23529411764705888,6,2,106
0.001433785192909376,0.46153846153846145,19,7,369
0.008720551867759996,-0.368421052631579,20,1,70
-0.009548387096774191,0.75,18,9,468
-0.0349140177175612,-0.3571428571428571,16,1,66
0.05386069114470837,0.11111111111111116,24,5,274
-0.030613551940566253,0.1333333333333333,17,5,267
-0.01202431289640582,-0.08823529411764708,18,3,168
-0.009362043600374514,0.032258064516129004,18,4,218
-0.014715809369515331,0.09375,18,4,218
0.01740202795286372,-0.1428571428571429,21,3,171
-0.028821548821548748,0.03333333333333344,17,4,217
0.013729025100540637,-0.12903225806451613,20,3,170
-0.029548563611491052,0.2962962962962963,17,6,317
0.040174795601916946,-0.1428571428571429,23,3,173
-0.0069115056240681705,-0.1333333333333333,19,3,169
-0.01869541484716164,-0.038461538461538436,18,4,218
-0.01529689890140451,0.3600000000000001,18,6,318
-0.027538483265075575,-0.05882352941176472,17,3,167
0.02759221609061857,0.0625,22,4,222
0.01964386659129458,0.02941176470588225,21,4,221
-0.010395010395010451,0.2857142857142858,18,6,318
-0.042296918767506964,-0.4222222222222223,16,1,66
0.042556303012576624,0.26923076923076916,23,6,323
0.005049796605414603,-0.09090909090909094,20,3,170
-0.020376831821353747,0.03333333333333344,18,4,218
-0.03689984328251894,0.4838709677419355,16,7,366
0.014349112426035537,0.0652173913043479,21,4,221
0.01137523698410381,-0.44897959183673475,20,1,70
-0.02307137707281892,0.22222222222222232,17,5,267
0.00826568265682659,-0.06060606060606055,20,3,170
-0.00761235543844252,0.09677419354838701,19,5,269
-0.0035403451836554245,-0.08823529411764708,19,3,169
0.030051813471502653,-0.06451612903225812,22,3,172
0.019258407588387483,0.4482758620689655,21,7,371
-0.010293288212069873,-0.1428571428571429,18,3,168
-0.007835874056133285,-0.2777777777777778,19,2,119
0.012349224583572571,0.42307692307692313,20,7,370
-0.08085106382978713,0.2432432432432432,12,6,312
0.003395061728394877,-0.04347826086956519,20,3,170
0.0647493079052599,-0.34090909090909094,25,1,75
-0.006211180124223614,0.31034482758620685,19,6,319
0.01656976744186034,-0.10526315789473684,21,3,171
-0.023877609379468034,-0.2647058823529411,17,2,117
0.04980225574923103,0.040000000000000036,24,4,224
-0.0214873726803404,-0.11538461538461542,17,3,167
0.010266647654356253,0.04347826086956519,20,4,220
0.0183486238532109,0.08333333333333326,21,4,221
-0.001247401247401192,0.26923076923076916,19,6,319
0.3363863447127393,-0.21212121212121215,48,2,148
-0.23977154724818284,0.23076923076923084,-1,5,249
-0.01318125939079362,-0.21875,18,2,118
0.038410962696380446,0.15999999999999992,23,5,273
-0.031458277792588585,-0.10344827586206895,17,3,167
0.017203413157170333,-0.038461538461538436,21,4,221
0.009741577594371442,0.3999999999999999,20,7,370
0.010786546965027455,-0.02857142857142858,20,4,220
0.02379532047458066,-0.23529411764705888,21,2,121
-0.006668393111485149,-0.038461538461538436,19,4,219
0.025092876230202732,0.24,21,6,321
0.017039674465920696,-0.12903225806451613,21,3,171
-0.036009002250562694,-0.11111111111111116,16,3,166
0.05538261997405969,0.125,24,5,274
0.01947892343615587,0.5925925925925926,21,8,421
-0.04815864022662886,-0.18604651162790697,15,2,115
-0.00455927051671734,-0.17142857142857137,19,3,169
0.03040712468193374,0.06896551724137923,22,4,222
-0.02012594147425606,-0.22580645161290325,18,2,118
0.012096774193548487,0.16666666666666674,20,5,270
0.00859063745019939,0.3928571428571428,20,7,370
0.03542772497222546,-0.33333333333333337,22,1,72
0.014306151645207432,0.7307692307692308,21,9,471
-0.07710390220968488,-0.24444444444444446,13,2,113
0.018976057055527074,-0.2647058823529411,21,2,121
0.0567429071366079,0.28,24,6,324
0.009934949733885201,-0.09375,20,3,170
-0.015107155404614048,0.5517241379310345,18,8,418
-0.011474435196194843,-0.3555555555555555,18,1,68
-0.06188729175437546,0.06896551724137923,14,4,214
-0.013976150788562736,0.4516129032258065,18,7,368
0.03920676202860873,-0.06666666666666665,23,3,173
0.0033160232747293517,-0.5952380952380952,20,-1,-30
