date,price_pounds,volume
2016-11-29,2.013,5261
2016-11-30,2.181,3776
2016-12-01,2.187,3207
2016-12-02,2.176,4250
2016-12-03,2.165,5381
2016-12-04,2.162,4803
2016-12-05,2.157,4210
2016-12-06,2.152,3578
2016-12-07,2.17,3840
2016-12-08,2.166,2876
2016-12-09,2.173,3210
2016-12-10,2.185,4443
2016-12-11,2.193,4155
2016-12-12,2.187,3318
2016-12-13,2.175,2687
2016-12-14,2.176,2872
2016-12-15,2.178,3277
2016-12-16,2.179,2987
2016-12-17,2.162,3619
2016-12-18,2.156,3694
2016-12-19,2.134,2853
2016-12-20,2.14,2893
2016-12-21,2.121,2838
2016-12-22,2.141,2853
2016-12-23,2.064,3188
2016-12-24,2.115,3176
2016-12-25,2.129,5088
2016-12-26,2.134,4579
2016-12-27,2.126,3899
2016-12-28,2.129,3645
2016-12-29,2.128,3410
2016-12-30,2.141,3820
2016-12-31,2.137,3394
2017-01-01,2.14,3663
2017-01-02,2.122,4183
2017-01-03,2.144,3467
2017-01-04,2.129,3964
2017-01-05,2.131,4532
2017-01-06,2.116,4402
2017-01-07,2.114,5076
2017-01-08,2.11,4834
2017-01-09,2.104,3828
2017-01-10,2.045,4289
2017-01-11,2.023,4992
2017-01-12,1.975,9813
2017-01-13,2.021,7336
2017-01-14,2.024,7438
2017-01-15,2.023,7407
2017-01-16,2.022,6520
2017-01-17,2.023,5579
2017-01-18,2.03,5407
2017-01-19,2.02,7125
2017-01-20,1.999,8286
2017-01-21,2.004,9123
2017-01-22,2.004,8230
2017-01-23,2.007,6671
2017-01-24,2.024,6566
2017-01-25,2.028,7017
2017-01-26,2.0,8292
2017-01-27,1.981,11060
2017-01-28,1.976,12890
2017-01-29,1.976,13346
2017-01-30,1.978,11986
2017-01-31,2.009,8243
2017-02-01,2.019,8127
2017-02-02,2.026,8495
2017-02-03,2.047,6120
2017-02-04,2.062,5994
2017-02-05,2.061,5175
2017-02-06,2.058,4371
2017-02-07,2.068,4894
2017-02-08,2.148,3357
2017-02-09,2.181,3491
2017-02-10,2.2,3370
2017-02-11,2.218,3612
2017-02-12,2.227,4294
2017-02-13,2.219,3683
2017-02-14,2.183,3512
2017-02-15,2.174,3000
2017-02-16,2.163,4168
2017-02-17,2.165,3948
2017-02-18,2.168,4008
2017-02-19,2.165,4017
2017-02-20,2.119,4081
2017-02-21,2.142,2936
2017-02-22,2.22,5264
2017-02-23,2.212,2751
2017-02-24,2.227,3104
2017-02-25,2.225,3251
2017-02-26,2.227,3348
2017-02-27,2.196,2510
2017-02-28,2.227,2415
2017-03-01,2.211,2976
2017-03-02,2.2,2594
2017-03-03,2.203,3150
2017-03-04,2.192,3688
2017-03-05,2.202,3260
2017-03-06,2.189,2733
2017-03-07,2.185,2398
2017-03-08,2.194,2548
2017-03-09,2.158,1994
2017-03-10,2.141,2834
2017-03-11,2.139,2878
2017-03-12,2.153,3655
2017-03-13,2.157,2802
2017-03-14,2.156,2559
2017-03-15,2.151,2589
2017-03-16,2.125,2536
2017-03-17,2.15,3429
2017-03-18,2.172,2653
2017-03-19,2.181,2307
2017-03-20,2.141,3029
2017-03-21,2.177,2139
2017-03-22,2.148,2104
2017-03-23,2.151,2709
2017-03-24,2.106,3130
2017-03-25,2.131,3885
2017-03-26,2.117,2661
2017-03-27,2.098,2571
2017-03-28,2.13,2017
2017-03-29,2.152,1896
2017-03-30,2.129,2121
2017-03-31,2.139,1753
2017-04-01,2.156,2174
2017-04-02,2.15,1825
2017-04-03,2.123,1881
2017-04-04,2.158,1583
2017-04-05,2.149,1741
2017-04-06,2.134,1897
2017-04-07,2.127,1699
2017-04-08,2.156,1837
2017-04-09,2.163,1584
2017-04-10,2.151,1427
2017-04-11,2.146,1126
2017-04-12,2.159,1078
2017-04-13,2.116,1549
2017-04-14,2.156,1327
2017-04-15,2.185,1329
2017-04-16,2.187,1450
2017-04-17,2.183,1253
2017-04-18,2.173,1257
2017-04-19,2.17,1630
2017-04-20,2.155,1417
2017-04-21,2.152,1820
2017-04-22,2.161,1666
2017-04-23,2.15,1595
2017-04-24,2.172,1087
2017-04-25,2.157,1379
2017-04-26,2.149,1204
2017-04-27,2.136,1222
2017-04-28,2.124,1666
2017-04-29,2.133,1822
2017-04-30,2.131,1681
2017-05-01,2.133,1518
2017-05-02,2.147,1449
2017-05-03,2.137,1560
2017-05-04,2.137,1510
2017-05-05,2.117,1716
2017-05-06,2.14,2050
2017-05-07,2.129,1532
2017-05-08,2.133,1424
2017-05-09,2.119,1083
2017-05-10,2.125,1278
2017-05-11,2.137,1255
2017-05-12,2.113,1587
2017-05-13,2.119,1930
2017-05-14,2.126,1545
2017-05-15,2.132,1377
2017-05-16,2.14,1279
2017-05-17,2.124,1670
2017-05-18,2.13,1546
2017-05-19,2.133,1177
2017-05-20,2.128,1845
2017-05-21,2.128,1380
2017-05-22,2.131,1332
2017-05-23,2.153,1364
2017-05-24,2.09,2231
2017-05-25,2.139,1096
2017-05-26,2.16,1306
2017-05-27,2.153,1200
2017-05-28,2.164,1065
2017-05-29,2.171,940
2017-05-30,2.165,1164
2017-05-31,2.166,1023
2017-06-01,2.164,1037
2017-06-02,2.167,1055
2017-06-03,2.178,1491
2017-06-04,2.189,1079
2017-06-05,2.171,1068
2017-06-06,2.162,1107
2017-06-07,2.156,920
2017-06-08,2.167,816
2017-06-09,2.169,1340
2017-06-10,2.158,1071
2017-06-11,2.152,847
2017-06-12,2.154,1006
2017-06-13,2.138,769
2017-06-14,2.133,1045
2017-06-15,2.15,1131
2017-06-16,2.134,976
2017-06-17,2.138,1118
2017-06-18,2.141,668
2017-06-19,2.137,818
2017-06-20,2.127,724
2017-06-21,2.135,866
2017-06-22,2.068,923
2017-06-23,2.036,1221
2017-06-24,2.065,1121
2017-06-25,2.093,987
2017-06-26,2.09,890
2017-06-27,2.118,1109
2017-06-28,2.125,844
2017-06-29,2.123,805
2017-06-30,2.116,961
2017-07-01,2.128,920
2017-07-02,2.114,990
2017-07-03,2.128,1004
2017-07-04,2.112,859
2017-07-05,2.118,981
2017-07-06,2.14,938
2017-07-07,2.129,1147
2017-07-08,2.13,956
2017-07-09,2.132,1100
2017-07-10,2.133,911
2017-07-11,2.132,1018
2017-07-12,2.123,1055
2017-07-13,2.142,890
2017-07-14,2.147,915
2017-07-15,2.143,1004
2017-07-16,2.169,905
2017-07-17,2.165,858
2017-07-18,2.164,929
2017-07-19,2.167,847
2017-07-20,2.169,765
2017-07-21,2.176,1163
2017-07-22,2.183,940
2017-07-23,2.117,1306
2017-07-24,2.142,787
2017-07-25,2.145,1071
2017-07-26,2.229,842
2017-07-27,2.24,840
2017-07-28,2.224,805
2017-07-29,2.236,974
2017-07-30,2.226,990
2017-07-31,2.231,1136
2017-08-01,2.215,893
2017-08-02,2.229,966
2017-08-03,2.226,1065
2017-08-04,2.218,1220
2017-08-05,2.234,973
2017-08-06,2.235,941
2017-08-07,2.228,1154
2017-08-08,2.218,1017
2017-08-09,2.22,1159
2017-08-10,2.207,896
2017-08-11,2.195,923
2017-08-12,2.193,865
2017-08-13,2.178,1045
2017-08-14,2.187,1067
2017-08-15,2.195,1137
2017-08-16,2.191,754
2017-08-17,2.187,1133
2017-08-18,2.186,1062
2017-08-19,2.188,1276
2017-08-20,2.168,1113
2017-08-21,2.152,1256
2017-08-22,2.163,1067
2017-08-23,2.158,976
2017-08-24,2.146,895
2017-08-25,2.192,1266
2017-08-26,2.181,1369
2017-08-27,2.173,1121
2017-08-28,2.179,1139
2017-08-29,2.2,941
2017-08-30,2.204,744
2017-08-31,2.195,671
2017-09-01,2.21,1308
2017-09-02,2.211,1065
2017-09-03,2.205,1199
2017-09-04,2.207,1017
2017-09-05,2.206,869
2017-09-06,2.201,1120
2017-09-07,2.206,761
2017-09-08,2.207,1034
2017-09-09,2.206,843
2017-09-10,2.192,1013
2017-09-11,2.2,778
2017-09-12,2.194,874
2017-09-13,2.203,907
2017-09-14,2.199,937
2017-09-15,2.198,1163
2017-09-16,2.202,1178
2017-09-17,2.188,1452
2017-09-18,2.176,804
2017-09-19,2.172,677
2017-09-20,2.174,861
2017-09-21,2.2,1247
2017-09-22,2.165,989
2017-09-23,2.206,837
2017-09-24,2.201,850
2017-09-25,2.205,601
2017-09-26,2.164,686
2017-09-27,2.171,741
2017-09-28,2.149,686
2017-09-29,2.073,1174
2017-09-30,2.125,1087
2017-10-01,2.167,885
2017-10-02,2.119,803
2017-10-03,2.136,729
2017-10-04,2.127,862
2017-10-05,2.146,837
2017-10-06,2.142,854
2017-10-07,2.137,879
2017-10-08,2.124,816
2017-10-09,2.115,821
2017-10-10,2.096,925
2017-10-11,2.14,1080
2017-10-12,2.125,728
2017-10-13,2.107,1247
2017-10-14,2.128,1118
2017-10-15,2.139,1255
2017-10-16,2.136,1202
2017-10-17,2.133,608
2017-10-18,2.126,738
2017-10-19,2.111,814
2017-10-20,2.119,539
2017-10-21,2.118,835
2017-10-22,2.117,814
2017-10-23,2.113,637
2017-10-24,2.099,623
2017-10-25,2.089,709
2017-10-26,2.076,695
2017-10-27,2.034,847
2017-10-28,2.044,1073
2017-10-29,2.035,1022
2017-10-30,2.038,894
2017-10-31,2.053,895
2017-11-01,2.047,771
2017-11-02,2.128,875
2017-11-03,2.132,881
2017-11-04,2.176,824
2017-11-05,2.144,559
2017-11-06,2.144,578
2017-11-07,2.139,719
2017-11-08,2.142,557
2017-11-09,2.137,691
2017-11-10,2.138,660
2017-11-11,2.127,738
2017-11-12,2.169,1009
2017-11-13,2.148,583
2017-11-14,2.141,615
2017-11-15,2.123,509
2017-11-16,2.113,1889
2017-11-17,2.114,619
2017-11-18,2.185,769
2017-11-19,2.148,677
2017-11-20,2.145,741
2017-11-21,2.131,1007
2017-11-22,2.104,682
2017-11-23,2.066,684
2017-11-24,2.031,792
2017-11-25,2.065,628
2017-11-26,2.156,1403
2017-11-27,2.097,639
2017-11-28,2.109,775
2017-11-29,2.186,718
2017-11-30,2.161,645
2017-12-01,2.179,1779
2017-12-02,2.161,698
2017-12-03,2.152,820
2017-12-04,2.15,505
2017-12-05,2.156,813
2017-12-06,2.154,644
2017-12-07,2.165,890
2017-12-08,2.138,953
2017-12-09,2.151,686
2017-12-10,2.138,878
2017-12-11,2.129,506
2017-12-12,2.115,1092
2017-12-13,2.121,796
2017-12-14,2.143,940
2017-12-15,2.107,594
2017-12-16,2.13,587
2017-12-17,2.123,521
2017-12-18,2.132,659
2017-12-19,2.11,600
2017-12-20,2.103,574
2017-12-21,2.103,509
2017-12-22,2.1,853
2017-12-23,2.089,740
2017-12-24,2.106,780
2017-12-25,2.131,1189
2017-12-26,2.136,1417
2017-12-27,2.139,1034
2017-12-28,2.144,850
2017-12-29,2.141,749
2017-12-30,2.137,953
2017-12-31,2.138,879
2018-01-01,2.13,977
2018-01-02,2.135,856
2018-01-03,2.156,897
2018-01-04,2.181,808
2018-01-05,2.184,829
2018-01-06,2.164,1009
2018-01-07,2.157,671
2018-01-08,2.155,891
2018-01-09,2.142,813
2018-01-10,2.127,893
2018-01-11,2.139,904
2018-01-12,2.135,818
2018-01-13,2.149,1074
2018-01-14,2.144,1061
2018-01-15,2.138,1032
2018-01-16,2.141,1018
2018-01-17,2.127,839
2018-01-18,2.125,876
2018-01-19,2.12,1168
2018-01-20,2.118,1256
2018-01-21,2.114,1336
2018-01-22,2.111,1154
2018-01-23,2.106,1088
2018-01-24,2.088,1407
2018-01-25,2.081,1060
2018-01-26,2.099,1300
2018-01-27,2.123,948
2018-01-28,2.109,1040
2018-01-29,2.109,1181
2018-01-30,2.084,1094
2018-01-31,2.082,1409
2018-02-01,2.071,1684
2018-02-02,2.06,1919
2018-02-03,2.068,1495
2018-02-04,2.065,1579
2018-02-05,2.063,1659
2018-02-06,2.062,1917
2018-02-07,2.054,1868
2018-02-08,2.047,1743
2018-02-09,2.029,2175
2018-02-10,1.988,2420
2018-02-11,1.999,2186
2018-02-12,1.987,2287
2018-02-13,2.008,2043
2018-02-14,2.019,2229
2018-02-15,2.012,2525
2018-02-16,2.016,2566
2018-02-17,2.049,2363
2018-02-18,2.049,2233
2018-02-19,2.04,2326
2018-02-20,2.036,2780
2018-02-21,2.01,2555
2018-02-22,2.021,2228
2018-02-23,2.023,3091
2018-02-24,2.022,2554
2018-02-25,2.018,2989
2018-02-26,2.019,2230
2018-02-27,2.017,2199
2018-02-28,1.991,2507
2018-03-01,1.999,3250
2018-03-02,1.989,2577
2018-03-03,1.991,2899
2018-03-04,1.986,2389
2018-03-05,1.987,2185
2018-03-06,1.97,2295
2018-03-07,1.983,2307
2018-03-08,1.971,3204
2018-03-09,1.962,3053
2018-03-10,1.98,3430
2018-03-11,1.977,3056
2018-03-12,1.977,2389
2018-03-13,1.978,2349
2018-03-14,1.982,2369
2018-03-15,1.984,2118
2018-03-16,1.972,2849
2018-03-17,1.971,2772
2018-03-18,1.97,2859
2018-03-19,1.968,2145
2018-03-20,1.973,1902
2018-03-21,1.976,2189
2018-03-22,1.971,1987
2018-03-23,1.976,2258
2018-03-24,1.977,2360
2018-03-25,1.976,1952
2018-03-26,1.972,2013
2018-03-27,1.985,1878
2018-03-28,1.979,1912
2018-03-29,2.163,980
2018-03-30,2.16,730
2018-03-31,2.176,817
2018-04-01,2.185,695
2018-04-02,2.18,587
2018-04-03,2.179,486
2018-04-04,2.195,655
2018-04-05,2.193,589
2018-04-06,2.187,646
2018-04-07,2.185,681
2018-04-08,2.202,619
2018-04-09,2.195,564
2018-04-10,2.169,455
2018-04-11,2.12,769
2018-04-12,2.116,602
2018-04-13,2.156,642
2018-04-14,2.182,711
2018-04-15,2.182,738
2018-04-16,2.182,586
2018-04-17,2.163,428
2018-04-18,2.17,340
2018-04-19,2.185,401
2018-04-20,2.194,436
2018-04-21,2.205,610
2018-04-22,2.196,417
2018-04-23,2.179,370
2018-04-24,2.172,364
2018-04-25,2.176,684
2018-04-26,2.159,451
2018-04-27,2.145,489
2018-04-28,2.145,615
2018-04-29,2.153,661
2018-04-30,2.156,655
2018-05-01,2.149,389
2018-05-02,2.126,491
2018-05-03,2.117,419
2018-05-04,2.119,419
2018-05-05,2.11,541
2018-05-06,2.117,535
2018-05-07,2.122,786
2018-05-08,2.081,477
2018-05-09,2.122,581
2018-05-10,2.15,429
2018-05-11,2.147,427
2018-05-12,2.171,727
2018-05-13,2.167,454
2018-05-14,2.152,565
2018-05-15,2.045,487
2018-05-16,2.026,691
2018-05-17,2.094,539
2018-05-18,2.069,582
2018-05-19,2.048,606
2018-05-20,2.038,505
2018-05-21,2.059,500
2018-05-22,2.063,571
2018-05-23,2.037,497
2018-05-24,1.997,440
2018-05-25,2.02,608
2018-05-26,2.021,560
2018-05-27,2.027,487
2018-05-28,2.022,454
2018-05-29,2.02,401
2018-05-30,2.027,542
2018-05-31,2.018,601
2018-06-01,2.023,605
2018-06-02,2.014,580
2018-06-03,2.036,673
2018-06-04,2.032,477
2018-06-05,2.033,452
2018-06-06,2.018,454
2018-06-07,2.018,403
2018-06-08,2.041,698
2018-06-09,2.009,609
2018-06-10,2.02,455
2018-06-11,1.981,544
2018-06-12,1.971,621
2018-06-13,1.942,779
2018-06-14,2.018,656
2018-06-15,2.114,407
2018-06-16,2.085,359
2018-06-17,2.071,467
2018-06-18,2.093,493
2018-06-19,2.05,427
2018-06-20,2.071,578
2018-06-21,2.051,401
2018-06-22,2.042,388
2018-06-23,2.047,525
2018-06-24,2.068,419
2018-06-25,2.063,273
2018-06-26,2.049,408
2018-06-27,2.044,470
2018-06-28,2.049,452
2018-06-29,2.044,394
2018-06-30,2.035,476
2018-07-01,2.029,475
2018-07-02,2.013,460
2018-07-03,2.006,431
2018-07-04,2.028,442
2018-07-05,2.039,525
2018-07-06,2.054,743
2018-07-07,2.057,538
2018-07-08,2.044,634
2018-07-09,2.038,464
2018-07-10,2.068,502
2018-07-11,2.066,401
2018-07-12,2.081,492
2018-07-13,2.065,789
2018-07-14,2.066,561
2018-07-15,2.056,491
2018-07-16,2.058,469
2018-07-17,2.066,613
2018-07-18,2.054,467
2018-07-19,2.06,429
2018-07-20,2.059,474
2018-07-21,2.097,750
2018-07-22,2.1,539
2018-07-23,2.089,494
2018-07-24,2.087,587
2018-07-25,2.079,433
2018-07-26,2.098,525
2018-07-27,2.09,496
2018-07-28,2.099,710
2018-07-29,2.1,392
2018-07-30,2.094,472
2018-07-31,2.1,752
2018-08-01,2.104,628
2018-08-02,2.097,659
2018-08-03,2.058,707
2018-08-04,2.052,639
2018-08-05,2.051,579
2018-08-06,2.049,558
2018-08-07,2.009,529
2018-08-08,1.977,805
2018-08-09,1.969,679
2018-08-10,1.886,2310
2018-08-11,1.986,1211
2018-08-12,1.97,560
2018-08-13,1.969,652
2018-08-14,1.942,785
2018-08-15,2.078,619
2018-08-16,2.188,557
2018-08-17,2.178,519
2018-08-18,2.183,509
2018-08-19,2.15,520
2018-08-20,2.156,476
2018-08-21,2.167,516
2018-08-22,2.165,569
2018-08-23,2.177,537
2018-08-24,2.157,449
2018-08-25,2.156,642
2018-08-26,2.153,618
2018-08-27,2.182,777
2018-08-28,2.176,507
2018-08-29,2.154,448
2018-08-30,2.117,842
2018-08-31,2.096,573
2018-09-01,2.118,740
2018-09-02,2.128,539
2018-09-03,2.116,558
2018-09-04,2.124,677
2018-09-05,2.09,557
2018-09-06,2.074,679
2018-09-07,2.081,655
2018-09-08,2.079,1098
2018-09-09,2.107,1060
2018-09-10,2.065,877
2018-09-11,2.055,1531
2018-09-12,2.047,713
2018-09-13,2.05,843
2018-09-14,2.088,1166
2018-09-15,2.092,1133
2018-09-16,2.077,1039
2018-09-17,2.091,1133
2018-09-18,2.071,2056
2018-09-19,2.073,1729
2018-09-20,2.062,1199
2018-09-21,2.087,1050
2018-09-22,2.115,945
2018-09-23,2.173,640
2018-09-24,2.16,462
2018-09-25,2.152,408
2018-09-26,2.115,721
2018-09-27,2.12,624
2018-09-28,2.123,463
2018-09-29,2.126,845
2018-09-30,2.129,650
2018-10-01,2.13,630
2018-10-02,2.139,832
2018-10-03,2.134,485
2018-10-04,2.129,629
2018-10-05,2.102,668
2018-10-06,2.149,1023
2018-10-07,2.116,766
2018-10-08,2.092,543
2018-10-09,2.088,975
2018-10-10,2.074,757
2018-10-11,2.081,961
2018-10-12,2.113,846
2018-10-13,2.092,860
2018-10-14,2.1,737
2018-10-15,2.074,829
2018-10-16,2.067,601
2018-10-17,2.09,662
2018-10-18,2.091,689
2018-10-19,2.082,867
2018-10-20,2.079,741
2018-10-21,2.077,1204
2018-10-22,2.077,472
2018-10-23,2.062,810
2018-10-24,2.044,823
2018-10-25,2.042,625
2018-10-26,2.037,667
2018-10-27,2.039,936
2018-10-28,2.035,518
2018-10-29,2.032,1032
2018-10-30,2.031,748
2018-10-31,2.019,588
2018-11-01,2.009,857
2018-11-02,2.048,1425
2018-11-03,2.049,1388
2018-11-04,2.054,947
2018-11-05,2.042,831
2018-11-06,2.059,572
2018-11-07,2.057,418
2018-11-08,2.062,823
2018-11-09,2.074,678
2018-11-10,2.075,644
2018-11-11,2.061,765
2018-11-12,2.058,697
2018-11-13,2.055,818
2018-11-14,2.031,798
2018-11-15,2.043,845
2018-11-16,2.067,785
2018-11-17,2.12,836
2018-11-18,2.081,515
2018-11-19,2.052,746
2018-11-20,2.054,670
2018-11-21,2.05,490
2018-11-22,2.035,510
2018-11-23,2.035,1095
2018-11-24,2.058,789
2018-11-25,2.062,817
2018-11-26,2.025,812
2018-11-27,2.01,716
2018-11-28,2.025,647
2018-11-29,1.998,659
2018-11-30,2.04,855
2018-12-01,2.09,860
2018-12-02,2.055,698
2018-12-03,2.011,924
2018-12-04,2.041,829
2018-12-05,2.055,1480
2018-12-06,2.065,1324
2018-12-07,2.147,606
2018-12-08,2.221,513
2018-12-09,2.169,600
2018-12-10,2.154,818
2018-12-11,2.127,467
2018-12-12,2.139,548
2018-12-13,2.151,573
2018-12-14,2.127,496
2018-12-15,2.127,596
2018-12-16,2.113,572
2018-12-17,2.11,520
2018-12-18,2.117,640
2018-12-19,2.111,522
2018-12-20,2.111,461
2018-12-21,2.103,855
2018-12-22,2.093,718
2018-12-23,2.108,662
2018-12-24,2.137,872
2018-12-25,2.082,655
2018-12-26,2.112,679
2018-12-27,2.103,600
2018-12-28,2.09,902
2018-12-29,2.089,943
2018-12-30,2.188,1614
2018-12-31,2.15,851
2019-01-01,2.136,763
2019-01-02,2.091,937
2019-01-03,2.078,746
2019-01-04,2.077,1097
2019-01-05,2.077,1146
2019-01-06,2.092,637
2019-01-07,2.077,811
2019-01-08,2.088,835
2019-01-09,2.106,757
2019-01-10,2.113,823
2019-01-11,2.122,754
2019-01-12,2.136,843
2019-01-13,2.126,783
2019-01-14,2.121,659
2019-01-15,2.121,524
2019-01-16,2.122,639
2019-01-17,2.114,630
2019-01-18,2.107,684
2019-01-19,2.131,806
2019-01-20,2.124,797
2019-01-21,2.118,728
2019-01-22,2.117,554
2019-01-23,2.102,884
2019-01-24,2.102,517
2019-01-25,2.097,628
2019-01-26,2.108,678
2019-01-27,2.108,963
2019-01-28,2.103,678
2019-01-29,2.112,765
2019-01-30,2.11,603
2019-01-31,2.118,855
2019-02-01,2.138,570
2019-02-02,2.125,698
2019-02-03,2.108,747
2019-02-04,2.114,936
2019-02-05,2.108,980
2019-02-06,2.09,785
2019-02-07,2.086,762
2019-02-08,2.126,984
2019-02-09,2.117,682
2019-02-10,2.111,767
2019-02-11,2.092,690
2019-02-12,2.088,1071
2019-02-13,2.091,558
2019-02-14,2.093,592
2019-02-15,2.098,625
2019-02-16,2.098,718
2019-02-17,2.099,537
2019-02-18,2.101,482
2019-02-19,2.101,654
2019-02-20,2.1,590
2019-02-21,2.092,719
2019-02-22,2.089,738
2019-02-23,2.107,785
2019-02-24,2.115,787
2019-02-25,2.102,605
2019-02-26,2.109,633
2019-02-27,2.108,717
2019-02-28,2.099,827
2019-03-01,2.094,728
2019-03-02,2.093,1453
2019-03-03,2.095,995
2019-03-04,2.092,1029
2019-03-05,2.089,927
2019-03-06,2.167,657
2019-03-07,2.193,367
2019-03-08,2.174,430
2019-03-09,2.165,683
2019-03-10,2.116,620
2019-03-11,2.125,584
2019-03-12,2.135,634
2019-03-13,2.103,478
2019-03-14,2.086,639
2019-03-15,2.095,669
2019-03-16,2.152,1000
2019-03-17,2.16,843
2019-03-18,2.163,679
2019-03-19,2.158,723
2019-03-20,2.145,493
2019-03-21,2.123,522
2019-03-22,2.124,556
2019-03-23,2.105,846
2019-03-24,2.094,1062
2019-03-25,2.067,770
2019-03-26,2.074,629
2019-03-27,2.08,712
2019-03-28,2.009,806
2019-03-29,1.992,979
2019-03-30,2.006,987
2019-03-31,2.008,1095
2019-04-01,2.001,715
2019-04-02,2.008,664
2019-04-03,2.035,732
2019-04-04,2.032,843
2019-04-05,2.014,800
2019-04-06,2.003,1116
2019-04-07,1.996,1298
2019-04-08,1.999,1082
2019-04-09,1.987,1108
2019-04-10,1.993,1221
2019-04-11,2.006,972
2019-04-12,2.022,864
2019-04-13,2.038,929
2019-04-14,2.034,1010
2019-04-15,2.035,1248
2019-04-16,2.035,944
2019-04-17,2.022,954
2019-04-18,2.048,734
2019-04-19,2.02,984
2019-04-20,2.017,1164
2019-04-21,2.024,945
2019-04-22,2.035,868
2019-04-23,2.032,732
2019-04-24,2.01,1324
2019-04-25,1.983,1826
2019-04-26,1.962,1596
2019-04-27,1.983,1237
2019-04-28,1.972,1400
2019-04-29,1.97,2143
2019-04-30,1.955,2086
2019-05-01,1.967,2631
2019-05-02,1.969,2526
2019-05-03,1.957,2537
2019-05-04,1.959,2175
2019-05-05,1.956,2843
2019-05-06,1.957,2756
2019-05-07,1.934,3023
2019-05-08,2.006,1643
2019-05-09,2.031,897
2019-05-10,2.029,1300
2019-05-11,2.107,997
2019-05-12,2.152,1032
2019-05-13,2.156,733
2019-05-14,2.174,860
2019-05-15,2.175,1176
2019-05-16,2.161,1031
2019-05-17,2.158,1029
2019-05-18,2.156,1109
2019-05-19,2.154,1218
2019-05-20,2.161,1518
2019-05-21,2.16,1048
2019-05-22,2.149,856
2019-05-23,2.153,978
2019-05-24,2.167,1249
2019-05-25,2.167,1006
2019-05-26,2.159,1417
2019-05-27,2.16,815
2019-05-28,2.158,528
2019-05-29,2.161,994
2019-05-30,2.15,917
2019-05-31,2.159,1200
2019-06-01,2.167,1209
2019-06-02,2.166,942
2019-06-03,2.152,1120
2019-06-04,2.157,680
2019-06-05,2.161,746
2019-06-06,2.167,1064
2019-06-07,2.158,680
2019-06-08,2.165,1098
2019-06-09,2.162,794
2019-06-10,2.156,851
2019-06-11,2.156,748
2019-06-12,2.164,822
2019-06-13,2.157,1328
2019-06-14,2.153,758
2019-06-15,2.152,924
2019-06-16,2.16,647
2019-06-17,2.162,752
2019-06-18,2.154,722
2019-06-19,2.145,775
2019-06-20,2.16,943
2019-06-21,2.159,1130
2019-06-22,2.173,1060
2019-06-23,2.173,827
2019-06-24,2.175,1068
2019-06-25,2.178,793
2019-06-26,2.12,899
2019-06-27,2.055,1009
2019-06-28,1.998,1180
2019-06-29,1.985,1434
2019-06-30,1.972,1237
2019-07-01,1.985,1876
2019-07-02,1.962,1595
2019-07-03,1.98,1716
2019-07-04,2.0,1923
2019-07-05,2.007,1403
2019-07-06,2.03,2021
2019-07-07,2.016,1479
2019-07-08,2.084,636
2019-07-09,2.095,1441
2019-07-10,2.139,1223
2019-07-11,2.148,1088
2019-07-12,2.151,1760
2019-07-13,2.148,1278
2019-07-14,2.15,1158
2019-07-15,2.145,1082
2019-07-16,2.144,749
2019-07-17,2.127,1126
2019-07-18,2.121,1396
2019-07-19,2.139,1527
2019-07-20,2.145,1393
2019-07-21,2.145,1223
2019-07-22,2.144,797
2019-07-23,2.138,757
2019-07-24,2.136,1347
2019-07-25,2.13,1173
2019-07-26,2.131,1118
2019-07-27,2.128,1232
2019-07-28,2.129,733
2019-07-29,2.125,1254
2019-07-30,2.099,1095
2019-07-31,2.086,735
2019-08-01,2.088,1024
2019-08-02,2.074,1226
2019-08-03,2.079,2282
2019-08-04,2.077,1623
2019-08-05,2.079,1091
2019-08-06,2.086,1691
2019-08-07,2.086,1061
2019-08-08,2.081,1938
2019-08-09,2.008,1782
2019-08-10,2.074,2294
2019-08-11,2.071,930
2019-08-12,2.041,1871
2019-08-13,1.825,25039
2019-08-14,2.034,1745
2019-08-15,2.016,1949
2019-08-16,2.061,1529
2019-08-17,2.109,1766
2019-08-18,2.116,1765
2019-08-19,2.112,1543
2019-08-20,2.137,1133
2019-08-21,2.142,1184
2019-08-22,2.148,1089
2019-08-23,2.151,1308
2019-08-24,2.152,1566
2019-08-25,2.156,1328
2019-08-26,2.152,697
2019-08-27,2.13,1522
2019-08-28,2.15,923
2019-08-29,2.118,1311
2019-08-30,2.023,1846
2019-08-31,2.044,1511
2019-09-01,2.038,1759
2019-09-02,2.046,1987
2019-09-03,2.052,1409
2019-09-04,2.12,1569
2019-09-05,2.128,1491
2019-09-06,2.124,2028
2019-09-07,2.131,1664
2019-09-08,2.117,1498
2019-09-09,2.121,1595
2019-09-10,2.135,2791
2019-09-11,2.13,1675
2019-09-12,2.132,1485
2019-09-13,2.129,1752
2019-09-14,2.128,1871
2019-09-15,2.127,1954
2019-09-16,2.127,1378
2019-09-17,2.13,1960
2019-09-18,2.121,1527
2019-09-19,2.115,1774
2019-09-20,2.114,1938
2019-09-21,2.113,1985
2019-09-22,2.112,1633
2019-09-23,2.111,1747
2019-09-24,2.1,1407
2019-09-25,2.076,2236
2019-09-26,2.091,2634
2019-09-27,2.091,1844
2019-09-28,2.093,1427
2019-09-29,2.1,1397
2019-09-30,2.108,2530
2019-10-01,2.068,2432
2019-10-02,2.061,2298
2019-10-03,2.041,2270
2019-10-04,2.053,2308
2019-10-05,2.067,2826
2019-10-06,2.064,2065
2019-10-07,2.061,2669
2019-10-08,2.058,1754
2019-10-09,2.017,2402
2019-10-10,2.051,2240
2019-10-11,2.06,3097
2019-10-12,2.051,2869
2019-10-13,2.055,2884
2019-10-14,2.057,2250
2019-10-15,2.056,1844
2019-10-16,2.089,2550
2019-10-17,2.135,1887
2019-10-18,2.145,1440
2019-10-19,2.146,1427
2019-10-20,2.121,1448
2019-10-21,2.097,1491
2019-10-22,2.155,1760
2019-10-23,2.147,1092
2019-10-24,2.174,1375
2019-10-25,2.178,1209
2019-10-26,2.173,1017
2019-10-27,2.178,954
2019-10-28,2.173,1048
2019-10-29,2.477,3572
2019-10-30,2.576,1445
2019-10-31,2.682,506
2019-11-01,2.944,981
2019-11-02,2.905,661
2019-11-03,2.837,362
2019-11-04,2.817,316
2019-11-05,2.831,412
2019-11-06,2.825,217
2019-11-07,2.924,472
2019-11-08,2.869,311
2019-11-09,3.028,440
2019-11-10,3.027,256
2019-11-11,2.999,354
2019-11-12,2.878,332
2019-11-13,2.912,285
2019-11-14,2.912,585
2019-11-15,2.923,581
2019-11-16,3.003,556
2019-11-17,2.994,414
2019-11-18,3.094,556
2019-11-19,2.635,1718
2019-11-20,2.566,443
2019-11-21,2.756,530
2019-11-22,2.761,239
2019-11-23,2.863,277
2019-11-24,2.764,406
2019-11-25,2.601,330
2019-11-26,2.617,506
2019-11-27,2.65,217
2019-11-28,2.701,430
2019-11-29,2.696,352
2019-11-30,2.721,674
2019-12-01,2.723,484
2019-12-02,2.662,315
2019-12-03,2.591,283
2019-12-04,2.621,441
2019-12-05,2.604,389
2019-12-06,2.699,500
2019-12-07,2.614,394
2019-12-08,2.617,446
2019-12-09,2.674,266
2019-12-10,2.823,248
2019-12-11,2.826,389
2019-12-12,2.798,259
2019-12-13,2.852,387
2019-12-14,2.856,282
2019-12-15,2.834,246
2019-12-16,2.844,317
2019-12-17,2.826,251
2019-12-18,2.832,212
2019-12-19,2.683,293
2019-12-20,2.815,228
2019-12-21,2.931,264
2019-12-22,2.915,387
2019-12-23,2.93,503
2019-12-24,2.931,366
2019-12-25,2.954,314
2019-12-26,3.057,431
2019-12-27,3.076,236
2019-12-28,3.126,212
2019-12-29,3.127,339
2019-12-30,3.21,253
2019-12-31,3.175,229
2020-01-01,3.143,206
2020-01-02,3.183,352
2020-01-03,3.203,162
2020-01-04,3.222,164
2020-01-05,3.276,203
2020-01-06,3.301,175
2020-01-07,3.284,184
2020-01-08,3.301,161
2020-01-09,3.309,150
2020-01-10,3.354,198
2020-01-11,3.088,348
2020-01-12,3.331,276
2020-01-13,3.576,279
2020-01-14,3.514,271
2020-01-15,3.457,130
2020-01-16,3.34,230
2020-01-17,3.504,288
2020-01-18,3.479,165
2020-01-19,3.603,317
2020-01-20,3.913,208
2020-01-21,3.804,239
2020-01-22,3.723,186
2020-01-23,3.714,193
2020-01-24,3.548,293
2020-01-25,3.657,241
2020-01-26,3.717,144
2020-01-27,3.699,131
2020-01-28,3.576,170
2020-01-29,3.564,159
2020-01-30,3.653,200
2020-01-31,3.666,143
2020-02-01,3.724,158
2020-02-02,3.802,181
2020-02-03,3.779,287
2020-02-04,3.929,191
2020-02-05,4.082,192
2020-02-06,4.056,135
2020-02-07,3.958,330
2020-02-08,3.886,150
2020-02-09,3.843,148
2020-02-10,3.959,78
2020-02-11,3.898,152
2020-02-12,3.93,191
2020-02-13,4.001,358
2020-02-14,4.07,266
2020-02-15,4.012,130
2020-02-16,4.063,301
2020-02-17,4.045,193
2020-02-18,3.957,112
2020-02-19,4.005,185
2020-02-20,4.008,139
2020-02-21,3.992,136
2020-02-22,4.015,192
2020-02-23,3.971,119
2020-02-24,3.95,185
2020-02-25,3.999,247
2020-02-26,4.039,100
2020-02-27,4.091,117
2020-02-28,4.106,117
2020-02-29,4.094,112
2020-03-01,4.109,117
2020-03-02,4.109,100
2020-03-03,4.11,101
2020-03-04,4.168,102
2020-03-05,4.181,115
2020-03-06,4.214,164
2020-03-07,4.212,110
2020-03-08,4.16,111
2020-03-09,4.388,147
2020-03-10,4.436,120
2020-03-11,4.367,128
2020-03-12,4.257,72
2020-03-13,4.503,154
2020-03-14,4.479,99
2020-03-15,4.374,117
2020-03-16,4.536,306
2020-03-17,4.666,112
2020-03-18,4.75,89
2020-03-19,4.61,65
2020-03-20,4.702,117
2020-03-21,4.458,56
2020-03-22,4.485,57
2020-03-23,4.511,61
2020-03-24,4.412,97
2020-03-25,4.537,68
2020-03-26,4.552,71
2020-03-27,4.514,79
2020-03-28,4.427,44
2020-03-29,4.594,77
2020-03-30,4.576,123
2020-03-31,4.563,43
2020-04-01,4.7,81
2020-04-02,4.99,78
2020-04-03,5.158,85
2020-04-04,5.068,63
2020-04-05,5.245,100
2020-04-06,5.159,45
2020-04-07,5.512,88
2020-04-08,5.492,33
2020-04-09,5.406,73
2020-04-10,5.561,75
2020-04-11,6.049,103
2020-04-12,6.066,48
2020-04-13,5.661,62
2020-04-14,5.462,37
2020-04-15,5.206,112
2020-04-16,4.93,91
2020-04-17,5.164,59
2020-04-18,5.453,92
2020-04-19,5.325,82
2020-04-20,5.164,46
2020-04-21,5.112,50
2020-04-22,5.327,84
2020-04-23,5.446,126
2020-04-24,5.289,45
2020-04-25,5.483,71
2020-04-26,5.47,45
2020-04-27,5.546,58
2020-04-28,5.665,66
2020-04-29,5.735,27
2020-04-30,6.11,106
2020-05-01,5.939,58
2020-05-02,6.275,22
2020-05-03,6.007,52
2020-05-04,6.092,30
2020-05-05,5.926,75
2020-05-06,6.18,59
2020-05-07,6.049,49
2020-05-08,6.21,54
2020-05-09,6.343,42
2020-05-10,6.268,60
2020-05-11,6.446,49
2020-05-12,6.476,71
2020-05-13,6.726,69
2020-05-14,6.851,41
2020-05-15,6.954,37
2020-05-16,6.942,34
2020-05-17,6.952,42
2020-05-18,6.76,30
2020-05-19,6.73,35
2020-05-20,6.868,49
2020-05-21,6.478,33
2020-05-22,6.672,50
2020-05-23,6.73,43
2020-05-24,6.587,17
2020-05-25,6.356,43
2020-05-26,6.04,62
2020-05-27,6.325,40
2020-05-28,6.253,56
2020-05-29,6.357,28
2020-05-30,6.201,49
2020-05-31,6.176,39
2020-06-01,6.302,38
2020-06-02,6.373,32
2020-06-03,6.329,18
2020-06-04,6.36,34
2020-06-05,6.304,96
2020-06-06,6.372,44
2020-06-07,6.701,44
2020-06-08,6.627,34
2020-06-09,6.783,28
2020-06-10,6.703,41
2020-06-11,6.774,91
2020-06-12,6.896,21
2020-06-13,6.633,53
2020-06-14,6.957,59
2020-06-15,7.203,30
2020-06-16,7.022,25
2020-06-17,6.739,87
2020-06-18,6.751,33
2020-06-19,6.343,33
2020-06-20,6.795,60
2020-06-21,6.881,44
2020-06-22,7.137,42
2020-06-23,7.13,32
2020-06-24,7.162,43
2020-06-25,6.94,46
2020-06-26,6.6,21
2020-06-27,6.902,88
2020-06-28,6.995,17
2020-06-29,6.847,36
2020-06-30,6.851,18
2020-07-01,7.278,82
2020-07-02,7.419,38
2020-07-03,7.489,19
2020-07-04,7.168,32
2020-07-05,7.243,41
2020-07-06,7.224,37
2020-07-07,6.905,43
2020-07-08,7.333,17
2020-07-09,7.376,49
2020-07-10,7.584,63
2020-07-11,7.406,51
2020-07-12,7.412,34
2020-07-13,7.861,31
2020-07-14,7.729,22
2020-07-15,7.591,9
2020-07-16,7.725,53
2020-07-17,7.758,10
2020-07-18,7.908,17
2020-07-19,7.896,29
2020-07-20,7.699,46
2020-07-21,7.694,27
2020-07-22,7.384,14
2020-07-23,7.87,33
2020-07-24,7.93,9
2020-07-25,8.382,12
2020-07-26,8.334,7
2020-07-27,8.094,19
2020-07-28,8.338,17
2020-07-29,8.267,20
2020-07-30,8.117,25
2020-07-31,8.42,79
2020-08-01,8.481,28
2020-08-02,8.405,72
2020-08-03,8.208,19
2020-08-04,8.47,10
2020-08-05,8.39,27
2020-08-06,8.453,24
2020-08-07,8.386,29
2020-08-08,8.378,28
2020-08-09,8.232,19
2020-08-10,8.337,13
2020-08-11,8.315,15
2020-08-12,8.384,54
2020-08-13,8.468,13
2020-08-14,8.415,20
2020-08-15,8.54,18
2020-08-16,8.537,15
2020-08-17,8.56,12
2020-08-18,8.439,16
2020-08-19,8.621,12
2020-08-20,8.66,17
2020-08-21,8.682,22
2020-08-22,8.763,21
2020-08-23,8.817,10
2020-08-24,8.678,22
2020-08-25,8.629,9
2020-08-26,8.644,6
2020-08-27,8.618,19
2020-08-28,8.441,33
2020-08-29,8.161,23
2020-08-30,8.104,14
2020-08-31,8.454,25
2020-09-01,8.653,14
2020-09-02,8.443,13
2020-09-03,8.251,15
2020-09-04,8.274,16
2020-09-05,8.606,29
2020-09-06,8.569,14
2020-09-07,8.305,5
2020-09-08,8.527,7
2020-09-09,8.475,21
2020-09-10,8.312,14
2020-09-11,8.138,10
2020-09-12,8.413,18
2020-09-13,8.607,5
2020-09-14,7.758,24
2020-09-15,8.416,12
2020-09-16,8.358,9
2020-09-17,8.594,26
2020-09-18,8.535,5
2020-09-19,8.612,52
2020-09-20,8.353,19
2020-09-21,7.463,24
2020-09-22,8.32,12
2020-09-23,8.663,53
2020-09-24,8.386,8
2020-09-25,8.412,38
2020-09-26,7.919,51
2020-09-27,7.634,10
2020-09-28,7.475,9
2020-09-29,8.134,12
2020-09-30,7.609,18
2020-10-01,8.406,14
2020-10-02,7.696,12
2020-10-03,8.305,20
2020-10-04,8.466,23
2020-10-05,8.333,30
2020-10-06,7.636,10
2020-10-07,8.297,8
2020-10-08,8.466,10
2020-10-09,8.428,11
2020-10-10,8.318,15
2020-10-11,7.779,9
2020-10-12,8.297,8
2020-10-13,8.252,9
2020-10-14,7.986,7
2020-10-15,8.072,20
2020-10-16,8.025,29
2020-10-17,8.294,25
2020-10-18,8.218,20
2020-10-19,8.322,36
2020-10-20,8.449,55
2020-10-21,8.356,10
2020-10-22,8.42,19
2020-10-23,8.52,14
2020-10-24,8.428,11
2020-10-25,7.988,7
2020-10-26,8.541,11
2020-10-27,8.577,26
2020-10-28,7.9,34
2020-10-29,8.508,14
2020-10-30,8.317,22
2020-10-31,8.422,28
2020-11-01,8.234,45
2020-11-02,8.099,4
2020-11-03,7.914,17
2020-11-04,7.764,10
2020-11-05,8.435,24
2020-11-06,8.463,14
2020-11-07,8.686,37
2020-11-08,8.459,35
2020-11-09,8.012,11
2020-11-10,8.622,23
2020-11-11,8.5,42
2020-11-12,8.697,7
2020-11-13,8.361,12
2020-11-14,8.06,29
2020-11-15,8.475,13
2020-11-16,8.559,11
2020-11-17,8.576,14
2020-11-18,8.589,14
2020-11-19,8.353,8
2020-11-20,8.558,19
2020-11-21,8.596,15
2020-11-22,8.763,37
2020-11-23,8.722,21
2020-11-24,8.773,11
2020-11-25,8.698,28
2020-11-26,8.323,11
2020-11-27,8.273,13
2020-11-28,8.626,9
2020-11-29,8.418,26
2020-11-30,8.568,13
2020-12-01,8.121,15
2020-12-02,8.189,12
2020-12-03,8.201,40
2020-12-04,7.034,26
2020-12-05,7.652,21
2020-12-06,7.174,13
2020-12-07,7.591,13
2020-12-08,7.153,25
2020-12-09,7.352,21
2020-12-10,6.938,35
2020-12-11,7.074,79
2020-12-12,7.168,26
2020-12-13,7.276,11
2020-12-14,7.175,27
2020-12-15,6.748,17
2020-12-16,6.919,19
2020-12-17,7.456,57
2020-12-18,7.287,35
2020-12-19,7.131,37
2020-12-20,7.385,38
2020-12-21,7.301,39
2020-12-22,6.925,44
2020-12-23,5.966,30
2020-12-24,5.937,77
2020-12-25,6.516,203
2020-12-26,6.563,34
2020-12-27,6.558,18
2020-12-28,6.531,16
2020-12-29,6.476,20
2020-12-30,6.519,58
2020-12-31,6.952,40
2021-01-01,6.609,64
2021-01-02,6.309,168
2021-01-03,6.435,110
2021-01-04,6.853,25
2021-01-05,6.382,20
2021-01-06,6.537,32
2021-01-07,6.189,27
2021-01-08,6.152,46
2021-01-09,6.354,28
2021-01-10,6.648,60
2021-01-11,6.52,31
2021-01-12,6.376,99
2021-01-13,6.345,34
2021-01-14,6.3,47
2021-01-15,6.121,34
2021-01-16,6.218,44
2021-01-17,6.415,79
2021-01-18,6.452,65
2021-01-19,6.358,46
2021-01-20,6.315,39
2021-01-21,6.308,13
2021-01-22,6.213,51
2021-01-23,6.28,41
2021-01-24,6.12,83
2021-01-25,6.039,66
2021-01-26,6.218,24
2021-01-27,6.195,33
2021-01-28,6.027,92
2021-01-29,5.889,52
2021-01-30,6.057,76
2021-01-31,6.013,109
2021-02-01,5.817,30
2021-02-02,5.629,33
2021-02-03,5.594,46
2021-02-04,5.373,65
2021-02-05,5.221,36
2021-02-06,5.256,72
2021-02-07,5.442,51
2021-02-08,5.429,87
2021-02-09,5.682,82
2021-02-10,5.955,153
2021-02-11,5.801,98
2021-02-12,5.819,112
2021-02-13,5.345,79
2021-02-14,4.842,88
2021-02-15,5.317,129
2021-02-16,5.631,91
2021-02-17,5.837,153
2021-02-18,6.048,55
2021-02-19,5.767,48
2021-02-20,5.991,83
2021-02-21,6.046,50
2021-02-22,5.986,155
2021-02-23,6.018,84
2021-02-24,6.093,133
2021-02-25,6.376,236
2021-02-26,6.307,65
2021-02-27,6.441,77
2021-02-28,6.552,172
2021-03-01,6.574,102
2021-03-02,6.712,62
2021-03-03,6.965,98
2021-03-04,7.007,75
2021-03-05,7.035,197
2021-03-06,7.521,44
2021-03-07,7.49,34
2021-03-08,7.302,78
2021-03-09,7.289,115
2021-03-10,7.35,213
2021-03-11,7.117,72
2021-03-12,7.238,71
2021-03-13,7.198,25
2021-03-14,7.083,13
2021-03-15,7.141,28
2021-03-16,7.017,51
2021-03-17,6.106,148
2021-03-18,6.986,26
2021-03-19,6.816,43
2021-03-20,7.054,74
2021-03-21,7.665,105
2021-03-22,8.348,160
2021-03-23,8.59,48
2021-03-24,8.897,36
2021-03-25,8.579,15
2021-03-26,8.971,38
2021-03-27,9.018,15
2021-03-28,8.979,27
2021-03-29,8.765,21
2021-03-30,8.734,26
2021-03-31,8.579,16
2021-04-01,8.815,72
2021-04-02,8.792,33
2021-04-03,8.863,21
2021-04-04,8.767,21
2021-04-05,8.672,26
2021-04-06,8.607,27
2021-04-07,8.636,20
2021-04-08,8.69,54
2021-04-09,8.785,34
2021-04-10,8.743,129
2021-04-11,8.821,22
2021-04-12,8.243,29
2021-04-13,7.953,15
2021-04-14,8.219,9
2021-04-15,8.395,41
2021-04-16,8.335,17
2021-04-17,8.22,24
2021-04-18,8.468,39
2021-04-19,8.375,15
2021-04-20,8.322,18
2021-04-21,8.355,28
2021-04-22,8.333,29
2021-04-23,8.556,26
2021-04-24,8.484,14
2021-04-25,8.396,23
2021-04-26,8.439,13
2021-04-27,8.449,18
2021-04-28,8.436,14
2021-04-29,8.273,12
2021-04-30,8.276,13
2021-05-01,8.309,41
2021-05-02,8.459,17
2021-05-03,8.096,28
2021-05-04,7.854,17
2021-05-05,7.82,7
2021-05-06,7.936,10
2021-05-07,8.083,31
2021-05-08,8.455,46
2021-05-09,8.423,5
2021-05-10,7.839,21
2021-05-11,8.414,58
2021-05-12,7.842,32
2021-05-13,7.521,29
2021-05-14,7.918,32
2021-05-15,7.938,15
2021-05-16,7.879,10
2021-05-17,7.952,11
2021-05-18,7.793,6
2021-05-19,8.062,19
2021-05-20,7.956,19
2021-05-21,8.139,20
2021-05-22,8.072,28
2021-05-23,8.291,14
2021-05-24,7.889,26
2021-05-25,7.629,6
2021-05-26,7.908,9
2021-05-27,7.903,6
2021-05-28,8.176,13
2021-05-29,8.176,13
2021-05-30,8.205,37
2021-05-31,8.282,20
2021-06-01,8.083,19
2021-06-02,8.061,17
2021-06-03,8.125,23
2021-06-04,8.373,5
2021-06-05,8.208,13
2021-06-06,8.277,14
2021-06-07,8.364,15
2021-06-08,8.309,22
2021-06-09,8.198,32
2021-06-10,8.156,9
2021-06-11,8.385,19
2021-06-12,8.154,28
2021-06-13,8.319,16
2021-06-14,8.249,20
2021-06-15,8.285,12
2021-06-16,8.119,25
2021-06-17,8.174,10
2021-06-18,7.892,11
2021-06-19,7.992,12
2021-06-20,7.994,30
2021-06-21,8.064,47
2021-06-22,8.105,10
2021-06-23,8.181,8
2021-06-24,7.759,18
2021-06-25,7.53,8
2021-06-26,7.707,34
2021-06-27,8.025,15
2021-06-28,7.65,17
2021-06-29,7.811,12
2021-06-30,7.901,13
2021-07-01,7.709,26
2021-07-02,7.638,12
2021-07-03,7.611,18
2021-07-04,6.694,59
2021-07-05,6.804,9
2021-07-06,6.834,12
2021-07-07,6.859,17
2021-07-08,7.193,14
2021-07-09,7.178,24
2021-07-10,7.113,16
2021-07-11,7.47,22
2021-07-12,7.527,10
2021-07-13,7.505,17
2021-07-14,7.516,28
2021-07-15,7.52,15
2021-07-16,7.398,11
2021-07-17,7.482,15
2021-07-18,7.307,13
2021-07-19,7.282,15
2021-07-20,7.092,18
2021-07-21,7.013,26
2021-07-22,6.793,13
2021-07-23,7.331,61
2021-07-24,7.56,23
2021-07-25,7.732,14
2021-07-26,7.707,9
2021-07-27,6.98,4
2021-07-28,7.585,9
2021-07-29,7.587,13
2021-07-30,7.252,23
2021-07-31,7.043,9
2021-08-01,7.143,25
2021-08-02,7.629,18
2021-08-03,7.598,9
2021-08-04,7.685,6
2021-08-05,7.659,15
2021-08-06,7.749,43
2021-08-07,7.668,47
2021-08-08,7.744,24
2021-08-09,7.819,12
2021-08-10,7.567,29
2021-08-11,7.426,12
2021-08-12,7.584,18
2021-08-13,7.788,19
2021-08-14,7.784,10
2021-08-15,7.782,16
2021-08-16,7.714,19
2021-08-17,7.839,28
2021-08-18,7.857,23
2021-08-19,7.915,19
2021-08-20,7.906,31
2021-08-21,7.841,16
2021-08-22,7.65,29
2021-08-23,7.555,14
2021-08-24,7.513,21
2021-08-25,7.775,15
2021-08-26,6.685,40
2021-08-27,7.267,40
2021-08-28,7.308,21
2021-08-29,7.436,11
2021-08-30,7.648,22
2021-08-31,7.467,18
2021-09-01,7.466,33
2021-09-02,7.77,26
2021-09-03,7.789,19
2021-09-04,7.667,30
2021-09-05,7.809,33
2021-09-06,7.712,57
2021-09-07,7.722,17
2021-09-08,7.458,18
2021-09-09,7.778,14
2021-09-10,7.711,13
2021-09-11,7.712,14
2021-09-12,7.859,13
2021-09-13,7.602,32
2021-09-14,7.66,13
2021-09-15,7.513,9
2021-09-16,7.473,10
2021-09-17,7.359,17
2021-09-18,7.126,12
2021-09-19,6.845,31
2021-09-20,7.103,46
2021-09-21,6.943,22
2021-09-22,6.089,40
2021-09-23,5.77,10
2021-09-24,6.121,24
2021-09-25,7.02,52
2021-09-26,7.165,15
2021-09-27,6.194,17
2021-09-28,6.619,13
2021-09-29,6.502,22
2021-09-30,6.384,28
2021-10-01,6.296,21
2021-10-02,6.01,23
2021-10-03,6.097,32
2021-10-04,6.282,17
2021-10-05,6.46,12
2021-10-06,6.443,18
2021-10-07,6.607,28
2021-10-08,6.673,13
2021-10-09,6.603,15
2021-10-10,6.647,9
2021-10-11,6.899,12
2021-10-12,6.719,15
2021-10-13,6.926,25
2021-10-14,6.803,18
2021-10-15,6.897,11
2021-10-16,7.273,20
2021-10-17,7.198,40
2021-10-18,7.193,17
2021-10-19,7.214,19
2021-10-20,6.89,8
2021-10-21,6.352,9
2021-10-22,6.128,54
2021-10-23,6.565,17
2021-10-24,6.749,13
2021-10-25,6.683,8
2021-10-26,6.486,10
2021-10-27,6.311,9
2021-10-28,6.512,13
2021-10-29,6.587,25
2021-10-30,6.777,18
2021-10-31,6.528,30
2021-11-01,6.505,16
2021-11-02,6.597,23
2021-11-03,6.822,19
2021-11-04,6.769,19
2021-11-05,6.254,13
2021-11-06,6.835,27
2021-11-07,6.119,13
2021-11-08,6.203,24
2021-11-09,6.02,11
2021-11-10,6.242,22
2021-11-11,6.096,13
2021-11-12,6.196,12
2021-11-13,5.915,37
2021-11-14,6.043,13
2021-11-15,6.16,27
2021-11-16,6.227,50
2021-11-17,6.177,13
2021-11-18,6.217,14
2021-11-19,6.239,13
2021-11-20,6.242,11
2021-11-21,5.901,22
2021-11-22,6.103,11
2021-11-23,6.156,12
2021-11-24,6.148,9
2021-11-25,5.954,30
2021-11-26,5.999,12
2021-11-27,6.017,41
2021-11-28,6.122,37
2021-11-29,6.162,12
2021-11-30,5.838,15
2021-12-01,6.173,21
2021-12-02,6.163,13
2021-12-03,6.118,25
2021-12-04,6.309,44
2021-12-05,6.307,11
2021-12-06,6.384,12
2021-12-07,6.393,14
2021-12-08,6.402,24
2021-12-09,6.46,10
2021-12-10,6.285,41
2021-12-11,6.618,19
2021-12-12,6.565,12
2021-12-13,6.63,8
2021-12-14,6.513,22
2021-12-15,6.049,23
2021-12-16,5.785,22
2021-12-17,5.769,11
2021-12-18,5.755,37
2021-12-19,6.076,25
2021-12-20,6.225,12
2021-12-21,6.187,24
2021-12-22,6.06,51
2021-12-23,5.997,41
2021-12-24,5.922,26
2021-12-25,6.088,34
2021-12-26,6.255,75
2021-12-27,6.912,42
2021-12-28,7.021,17
2021-12-29,7.126,38
2021-12-30,6.806,13
2021-12-31,7.039,18
2022-01-01,7.427,36
2022-01-02,7.603,41
2022-01-03,7.583,14
2022-01-04,7.543,20
2022-01-05,7.232,9
2022-01-06,7.475,17
2022-01-07,7.394,14
2022-01-08,7.645,7
2022-01-09,7.768,12
2022-01-10,7.768,10
2022-01-11,8.111,17
2022-01-12,7.961,15
2022-01-13,8.152,3
2022-01-14,8.002,12
2022-01-15,8.015,11
2022-01-16,7.992,15
2022-01-17,8.004,35
2022-01-18,8.126,18
2022-01-19,7.958,27
2022-01-20,8.027,18
2022-01-21,7.868,7
2022-01-22,7.726,14
2022-01-23,7.997,13
2022-01-24,7.422,3
2022-01-25,7.747,8
2022-01-26,7.868,25
2022-01-27,7.729,11
2022-01-28,7.699,25
2022-01-29,7.585,15
2022-01-30,7.346,8
2022-01-31,7.38,3
2022-02-01,7.278,14
2022-02-02,7.519,16
2022-02-03,7.679,22
2022-02-04,7.208,21
2022-02-05,7.594,52
2022-02-06,7.869,49
2022-02-07,7.98,29
2022-02-08,7.654,3
2022-02-09,7.817,14
2022-02-10,8.092,7
2022-02-11,7.987,11
2022-02-12,7.765,11
2022-02-13,7.806,14
2022-02-14,7.94,12
2022-02-15,7.925,23
2022-02-16,7.951,13
2022-02-17,7.687,12
2022-02-18,7.807,4
2022-02-19,7.696,12
2022-02-20,7.729,23
2022-02-21,7.829,8
2022-02-22,7.367,19
2022-02-23,7.705,11
2022-02-24,7.491,15
2022-02-25,7.674,27
2022-02-26,7.607,12
2022-02-27,7.574,17
2022-02-28,7.693,29
2022-03-01,7.706,17
2022-03-02,7.478,15
2022-03-03,7.543,16
2022-03-04,7.363,11
2022-03-05,7.349,10
2022-03-06,7.323,24
2022-03-07,7.077,20
2022-03-08,7.153,16
2022-03-09,7.145,14
2022-03-10,7.286,20
2022-03-11,7.663,16
2022-03-12,7.694,22
2022-03-13,7.856,8
2022-03-14,8.018,46
2022-03-15,8.06,15
2022-03-16,8.081,14
2022-03-17,8.055,14
2022-03-18,8.265,63
2022-03-19,8.469,18
2022-03-20,8.081,17
2022-03-21,8.477,15
2022-03-22,8.423,12
2022-03-23,8.528,14
2022-03-24,8.321,11
2022-03-25,7.781,10
2022-03-26,8.37,16
2022-03-27,8.469,8
2022-03-28,8.161,12
2022-03-29,7.999,12
2022-03-30,8.127,14
2022-03-31,8.347,4
2022-04-01,8.206,26
2022-04-02,7.914,26
2022-04-03,8.436,65
2022-04-04,8.437,30
2022-04-05,8.496,27
2022-04-06,8.234,6
2022-04-07,8.215,16
2022-04-08,8.422,4
2022-04-09,8.353,19
2022-04-10,8.415,9
2022-04-11,8.167,13
2022-04-12,8.415,8
2022-04-13,8.39,19
2022-04-14,8.413,10
2022-04-15,8.551,12
2022-04-16,8.614,10
2022-04-17,8.503,23
2022-04-18,9.609,80
2022-04-19,11.483,44
2022-04-20,9.082,9
2022-04-21,8.509,12
2022-04-22,9.642,25
2022-04-23,9.809,15
2022-04-24,9.25,15
2022-04-25,8.61,18
2022-04-26,9.185,10
2022-04-27,9.316,14
2022-04-28,9.789,31
2022-04-29,9.872,12
2022-04-30,10.294,17
2022-05-01,9.926,10
2022-05-02,9.81,6
2022-05-03,9.643,7
2022-05-04,9.972,15
2022-05-05,9.856,8
2022-05-06,9.774,21
2022-05-07,9.697,10
2022-05-08,9.989,10
2022-05-09,9.539,16
2022-05-10,9.841,16
2022-05-11,9.883,3
2022-05-12,9.8,14
2022-05-13,9.789,10
2022-05-14,9.561,20
2022-05-15,8.743,4
2022-05-16,9.519,17
2022-05-17,9.733,9
2022-05-18,9.804,20
2022-05-19,11.798,112
2022-05-20,11.359,7
2022-05-21,10.44,16
2022-05-22,9.927,26
2022-05-23,10.513,11
2022-05-24,10.331,31
2022-05-25,10.289,15
2022-05-26,10.109,7
2022-05-27,9.378,25
2022-05-28,9.173,25
2022-05-29,9.574,24
2022-05-30,10.528,22
2022-05-31,10.324,11
2022-06-01,10.358,17
2022-06-02,10.39,18
2022-06-03,10.351,11
2022-06-04,9.282,9
2022-06-05,9.543,24
2022-06-06,8.658,40
2022-06-07,8.753,22
2022-06-08,9.425,7
2022-06-09,8.756,20
2022-06-10,9.292,12
2022-06-11,8.384,14
2022-06-12,8.342,19
2022-06-13,8.316,22
2022-06-14,8.406,17
2022-06-15,8.557,10
2022-06-16,8.743,27
2022-06-17,8.499,33
2022-06-18,8.618,26
2022-06-19,8.66,27
2022-06-20,8.789,31
2022-06-21,8.383,11
2022-06-22,8.458,31
2022-06-23,8.409,16
2022-06-24,8.405,18
2022-06-25,8.308,21
2022-06-26,8.5,41
2022-06-27,8.556,35
2022-06-28,8.439,14
2022-06-29,8.573,15
2022-06-30,8.443,31
2022-07-01,8.851,23
2022-07-02,8.784,27
2022-07-03,8.621,19
2022-07-04,8.583,24
2022-07-05,8.687,20
2022-07-06,8.557,32
2022-07-07,9.039,29
2022-07-08,8.982,13
2022-07-09,9.086,32
2022-07-10,9.274,8
2022-07-11,8.821,13
2022-07-12,8.915,46
2022-07-13,9.122,14
2022-07-14,9.334,23
2022-07-15,9.014,20
2022-07-16,9.499,8
2022-07-17,9.842,4
2022-07-18,9.781,8
2022-07-19,9.33,9
2022-07-20,9.607,16
2022-07-21,9.248,18
2022-07-22,9.229,23
2022-07-23,9.259,16
2022-07-24,9.225,28
2022-07-25,9.266,4
2022-07-26,9.171,15
2022-07-27,9.259,10
2022-07-28,9.285,20
2022-07-29,9.343,26
2022-07-30,9.543,16
2022-07-31,9.304,24
2022-08-01,8.832,6
2022-08-02,8.923,9
2022-08-03,9.249,12
2022-08-04,9.543,20
2022-08-05,9.631,14
2022-08-06,9.661,9
2022-08-07,9.684,14
2022-08-08,9.558,21
2022-08-09,8.807,8
2022-08-10,8.987,10
2022-08-11,10.068,28
2022-08-12,9.697,11
2022-08-13,9.943,8
2022-08-14,10.165,8
2022-08-15,9.429,2
2022-08-16,9.463,14
2022-08-17,8.947,5
2022-08-18,9.669,13
2022-08-19,10.032,11
2022-08-20,9.456,6
2022-08-21,10.354,27
2022-08-22,11.24,5
2022-08-23,11.125,8
2022-08-24,10.93,7
2022-08-25,11.775,4
2022-08-26,10.978,4
2022-08-27,10.677,8
2022-08-28,10.954,3
2022-08-29,10.877,6
2022-08-30,10.587,5
2022-08-31,10.745,8
2022-09-01,11.618,8
2022-09-02,11.76,8
2022-09-03,11.348,4
2022-09-04,11.036,7
2022-09-05,10.796,5
2022-09-06,11.136,7
2022-09-07,11.058,7
2022-09-08,11.956,1
2022-09-09,10.602,5
2022-09-10,10.825,13
2022-09-11,10.456,9
2022-09-12,10.938,24
2022-09-13,11.253,5
2022-09-14,10.682,12
2022-09-15,10.626,6
2022-09-16,11.105,13
2022-09-17,10.853,3
2022-09-18,10.164,14
2022-09-19,9.573,4
2022-09-20,9.833,11
2022-09-21,10.041,4
2022-09-22,9.965,6
2022-09-23,9.239,8
2022-09-24,9.749,3
2022-09-25,9.937,10
2022-09-26,9.752,6
2022-09-27,9.664,7
2022-09-28,8.794,4
2022-09-29,9.603,10
2022-09-30,9.873,3
2022-10-01,9.827,12
2022-10-02,9.859,8
2022-10-03,9.716,7
2022-10-04,9.704,5
2022-10-05,9.783,14
2022-10-06,9.536,7
2022-10-07,9.807,7
2022-10-08,9.556,8
2022-10-09,9.025,5
2022-10-10,9.08,6
2022-10-11,9.37,7
2022-10-12,9.253,3
2022-10-13,9.149,10
2022-10-14,9.256,3
2022-10-15,9.488,5
2022-10-16,9.843,11
2022-10-17,9.907,3
2022-10-18,10.114,6
2022-10-19,10.016,8
2022-10-20,10.279,4
2022-10-21,9.681,10
2022-10-22,8.356,6
2022-10-23,9.331,6
2022-10-24,8.933,6
2022-10-25,9.644,13
2022-10-26,9.387,7
2022-10-27,9.628,3
2022-10-28,9.724,5
2022-10-29,9.057,8
2022-10-30,9.618,1
2022-10-31,9.661,8
2022-11-01,9.762,7
2022-11-02,9.991,6
2022-11-03,10.05,9
2022-11-04,9.972,10
2022-11-05,9.44,11
2022-11-06,9.519,6
2022-11-07,10.171,10
2022-11-08,10.064,11
2022-11-09,10.39,19
2022-11-10,10.628,3
2022-11-11,10.497,4
2022-11-12,10.506,8
2022-11-13,10.533,5
2022-11-14,10.548,11
2022-11-15,10.592,4
2022-11-16,10.011,10
2022-11-17,9.877,11
2022-11-18,9.918,19
2022-11-19,10.176,14
2022-11-20,8.727,21
2022-11-21,9.447,4
2022-11-22,8.919,6
2022-11-23,8.898,7
2022-11-24,9.111,12
2022-11-25,9.324,6
2022-11-26,9.05,6
2022-11-27,9.264,14
2022-11-28,9.495,15
2022-11-29,9.253,14
2022-11-30,8.148,8
2022-12-01,8.871,14
2022-12-02,8.741,6
2022-12-03,9.064,11
2022-12-04,9.183,6
2022-12-05,9.235,4
2022-12-06,8.601,6
2022-12-07,9.046,5
2022-12-08,9.184,7
2022-12-09,8.777,5
2022-12-10,8.747,11
2022-12-11,9.16,23
2022-12-12,9.386,15
2022-12-13,9.173,9
2022-12-14,9.19,22
2022-12-15,9.445,16
2022-12-16,8.872,12
2022-12-17,8.753,6
2022-12-18,9.215,19
2022-12-19,8.602,3
2022-12-20,9.233,5
2022-12-21,8.769,6
2022-12-22,8.599,6
2022-12-23,8.49,5
2022-12-24,8.758,7
2022-12-25,8.685,14
2022-12-26,8.805,9
2022-12-27,8.749,9
2022-12-28,8.089,17
2022-12-29,8.734,13
2022-12-30,8.354,21
2022-12-31,8.216,14
2023-01-01,8.286,11
2023-01-02,8.301,8
2023-01-03,8.604,5
2023-01-04,8.358,10
2023-01-05,8.576,29
2023-01-06,8.973,9
2023-01-07,9.162,11
2023-01-08,9.241,11
2023-01-09,8.897,5
2023-01-10,9.475,7
2023-01-11,9.108,8
2023-01-12,8.799,18
2023-01-13,7.936,8
2023-01-14,9.065,11
2023-01-15,9.322,13
2023-01-16,9.273,15
2023-01-17,10.02,56
2023-01-18,10.373,7
2023-01-19,9.993,10
2023-01-20,10.208,11
2023-01-21,10.146,23
2023-01-22,10.613,9
2023-01-23,10.805,14
2023-01-24,10.774,24
2023-01-25,10.085,5
2023-01-26,10.423,15
2023-01-27,10.429,37
2023-01-28,10.335,15
2023-01-29,10.472,7
2023-01-30,9.657,21
2023-01-31,10.343,10
2023-02-01,10.402,13
2023-02-02,9.967,9
2023-02-03,10.197,12
2023-02-04,10.45,12
2023-02-05,11.015,6
2023-02-06,10.98,5
2023-02-07,10.314,11
2023-02-08,10.74,7
2023-02-09,10.618,10
2023-02-10,10.147,6
2023-02-11,9.134,8
2023-02-12,9.997,22
2023-02-13,9.718,9
2023-02-14,9.486,6
2023-02-15,9.659,10
2023-02-16,10.196,22
2023-02-17,9.48,75
2023-02-18,10.316,4
2023-02-19,10.019,10
2023-02-20,10.199,21
2023-02-21,10.124,13
2023-02-22,9.959,11
2023-02-23,9.624,7
2023-02-24,9.504,12
2023-02-25,9.548,22
2023-02-26,9.545,27
2023-02-27,9.873,31
2023-02-28,9.341,14
2023-03-01,9.995,16
2023-03-02,10.133,10
2023-03-03,10.105,17
2023-03-04,9.905,12
2023-03-05,10.275,16
2023-03-06,10.036,17
2023-03-07,10.37,12
2023-03-08,10.422,17
2023-03-09,9.663,7
2023-03-10,9.337,9
2023-03-11,9.949,17
2023-03-12,10.39,10
2023-03-13,10.283,10
2023-03-14,10.013,22
2023-03-15,10.337,15
2023-03-16,9.965,11
2023-03-17,9.975,20
2023-03-18,10.343,61
2023-03-19,10.774,77
2023-03-20,10.619,10
2023-03-21,10.793,9
2023-03-22,14.401,87
2023-03-23,14.708,28
2023-03-24,15.244,19
2023-03-25,14.706,16
2023-03-26,14.604,18
2023-03-27,15.114,37
2023-03-28,13.113,9
2023-03-29,14.031,58
2023-03-30,14.1,7
2023-03-31,15.516,19
2023-04-01,15.251,26
2023-04-02,14.924,37
2023-04-03,14.826,12
2023-04-04,13.41,10
2023-04-05,14.719,14
2023-04-06,14.57,12
2023-04-07,14.332,24
2023-04-08,14.104,12
2023-04-09,13.944,17
2023-04-10,14.107,16
2023-04-11,13.931,14
2023-04-12,13.211,15
2023-04-13,13.089,7
2023-04-14,13.304,20
2023-04-15,13.736,17
2023-04-16,14.095,11
2023-04-17,13.096,19
2023-04-18,13.558,14
2023-04-19,13.973,8
2023-04-20,13.553,19
2023-04-21,13.443,30
2023-04-22,13.28,19
2023-04-23,13.289,25
2023-04-24,12.229,17
2023-04-25,12.457,9
2023-04-26,12.115,15
2023-04-27,11.883,21
2023-04-28,12.16,18
2023-04-29,12.209,14
2023-04-30,12.062,9
2023-05-01,12.134,12
2023-05-02,11.979,19
2023-05-03,11.873,29
2023-05-04,11.797,10
2023-05-05,11.385,16
2023-05-06,11.324,20
2023-05-07,11.7,20
2023-05-08,11.873,13
2023-05-09,10.901,13
2023-05-10,11.589,6
2023-05-11,11.448,10
2023-05-12,11.517,18
2023-05-13,11.522,8
2023-05-14,11.476,6
2023-05-15,11.445,6
2023-05-16,11.275,10
2023-05-17,10.727,9
2023-05-18,10.7,15
2023-05-19,10.848,11
2023-05-20,10.949,11
2023-05-21,10.832,14
2023-05-22,11.142,12
2023-05-23,10.672,7
2023-05-24,10.673,8
2023-05-25,10.603,21
2023-05-26,10.44,7
2023-05-27,10.712,12
2023-05-28,10.588,6
2023-05-29,10.588,20
2023-05-30,10.513,16
2023-05-31,10.859,9
2023-06-01,11.175,25
2023-06-02,11.081,13
2023-06-03,11.342,3
2023-06-04,11.798,20
2023-06-05,11.889,7
2023-06-06,12.111,9
2023-06-07,12.465,8
2023-06-08,11.978,7
2023-06-09,12.456,4
2023-06-10,12.402,9
2023-06-11,12.561,18
2023-06-12,12.074,10
2023-06-13,11.363,12
2023-06-14,12.083,12
2023-06-15,11.251,24
2023-06-16,11.648,4
2023-06-17,11.753,5
2023-06-18,12.366,4
2023-06-19,12.317,14
2023-06-20,12.399,6
2023-06-21,12.46,7
2023-06-22,12.684,3
2023-06-23,12.093,10
2023-06-24,12.628,5
2023-06-25,12.359,4
2023-06-26,12.473,5
2023-06-27,11.654,10
2023-06-28,11.469,5
2023-06-29,11.822,7
2023-06-30,11.502,20
2023-07-01,11.228,12
2023-07-02,11.147,11
2023-07-03,11.374,4
2023-07-04,11.033,24
2023-07-05,11.2,5
2023-07-06,11.129,10
2023-07-07,11.324,10
2023-07-08,11.349,7
2023-07-09,11.345,11
2023-07-10,11.578,15
2023-07-11,10.747,10
2023-07-12,11.322,11
2023-07-13,11.276,5
2023-07-14,11.212,10
2023-07-15,11.329,8
2023-07-16,10.612,40
2023-07-17,9.924,9
2023-07-18,10.254,4
2023-07-19,10.35,17
2023-07-20,11.049,10
2023-07-21,10.49,5
2023-07-22,10.509,7
2023-07-23,10.791,11
2023-07-24,11.007,5
2023-07-25,11.035,7
2023-07-26,10.929,11
2023-07-27,11.231,10
2023-07-28,11.175,3
2023-07-29,11.261,11
2023-07-30,11.268,11
2023-07-31,11.426,9
2023-08-01,11.45,17
2023-08-02,12.382,13
2023-08-03,12.386,7
2023-08-04,12.312,24
2023-08-05,12.543,8
2023-08-06,11.584,13
2023-08-07,11.733,5
2023-08-08,12.246,8
2023-08-09,12.224,4
2023-08-10,11.612,8
2023-08-11,11.278,7
2023-08-12,10.855,15
2023-08-13,11.152,11
2023-08-14,10.904,13
2023-08-15,10.62,13
2023-08-16,10.616,10
2023-08-17,11.09,8
2023-08-19,12.081,5
2023-08-20,12.073,6
2023-08-21,12.015,1
2023-08-22,12.036,6
2023-08-23,12.011,3
2023-08-24,11.848,10
2023-08-25,11.938,10
2023-08-26,11.483,6
2023-08-27,11.57,8
2023-08-28,11.064,13
2023-08-29,11.713,5
2023-08-30,11.085,6
2023-08-31,10.869,11
2023-09-01,9.995,12
2023-09-02,10.379,9
2023-09-03,11.641,9
2023-09-04,11.767,5
2023-09-05,12.239,9
2023-09-06,12.146,7
2023-09-07,12.277,6
2023-09-08,11.911,16
2023-09-09,12.399,25
2023-09-10,12.674,6
2023-09-11,12.522,8
2023-09-12,11.26,8
2023-09-13,12.585,19
2023-09-14,12.821,16
2023-09-15,12.791,31
2023-09-16,12.727,6
2023-09-17,13.224,11
2023-09-18,12.946,10
2023-09-19,13.345,5
2023-09-20,13.361,8
2023-09-21,13.149,6
2023-09-22,13.307,9
2023-09-23,13.076,8
2023-09-24,12.413,14
2023-09-25,13.268,17
2023-09-26,13.424,7
2023-09-27,13.981,15
2023-09-28,14.543,13
2023-09-29,14.773,23
2023-09-30,14.106,13
2023-10-01,14.522,56
2023-10-02,14.039,35
2023-10-03,14.883,16
2023-10-04,16.758,11
2023-10-05,16.685,5
2023-10-06,14.769,8
2023-10-07,16.179,8
2023-10-08,16.346,17
2023-10-09,16.932,6
2023-10-10,16.141,23
2023-10-11,17.016,9
2023-10-12,16.942,7
2023-10-13,16.949,9
2023-10-14,17.899,13
2023-10-15,18.334,14
2023-10-16,19.535,5
2023-10-17,19.592,7
2023-10-18,20.777,12
2023-10-19,18.424,3
2023-10-20,18.912,3
2023-10-21,18.638,6
2023-10-22,17.121,5
2023-10-23,17.841,11
2023-10-24,18.893,9
2023-10-25,17.461,3
2023-10-26,18.019,6
2023-10-27,17.923,6
2023-10-28,16.532,2
2023-10-29,18.034,6
2023-10-30,18.665,6
2023-10-31,18.04,4
2023-11-01,17.737,4
2023-11-02,19.174,7
2023-11-03,19.239,2
2023-11-04,19.156,4
2023-11-05,17.093,5
2023-11-07,17.666,3
2023-11-08,17.969,6
2023-11-09,18.474,8
2023-11-10,18.731,12
2023-11-11,18.774,6
2023-11-12,17.249,13
2023-11-13,19.02,2
2023-11-14,18.848,3
2023-11-15,18.889,3
2023-11-16,17.647,5
2023-11-17,17.916,3
2023-11-18,17.286,3
2023-11-19,17.643,7
2023-11-20,17.634,2
2023-11-21,16.286,4
2023-11-22,14.968,1
2023-11-23,16.519,4
2023-11-24,17.345,1
2023-11-25,17.228,1
2023-11-26,17.104,8
2023-11-27,17.085,1
2023-11-28,17.724,4
2023-11-29,16.104,2
2023-11-30,15.43,3
2023-12-01,17.966,11
2023-12-02,16.887,1
2023-12-04,17.61,4
2023-12-05,17.542,5
2023-12-07,17.237,7
2023-12-08,16.504,3
2023-12-09,16.229,5
2023-12-10,16.88,2
2023-12-11,17.241,6
2023-12-12,17.175,6
2023-12-13,17.441,3
2023-12-15,17.592,13
2023-12-16,17.761,3
2023-12-17,16.171,11
2023-12-18,17.772,1
2023-12-19,17.655,3
2023-12-21,17.489,4
2023-12-22,17.133,5
2023-12-23,17.065,4
2023-12-25,17.709,1
2023-12-26,16.589,8
2023-12-27,17.705,3
2023-12-28,17.756,1
2023-12-29,17.093,1
2023-12-30,17.322,3
2023-12-31,16.787,2
2024-01-01,17.414,5
2024-01-02,15.594,14
2024-01-04,16.302,10
2024-01-05,16.982,6
2024-01-06,17.593,3
2024-01-07,17.593,3
2024-01-08,17.565,4
2024-01-09,17.583,7
2024-01-10,16.23,2
2024-01-11,15.258,6
2024-01-12,15.293,2
2024-01-13,17.741,1
2024-01-14,17.64,7
2024-01-15,17.777,1
2024-01-16,17.733,3
2024-01-17,16.346,2
2024-01-18,15.487,4
2024-01-19,15.632,14
2024-01-20,14.874,9
2024-01-21,15.968,4
2024-01-22,15.649,3
2024-01-23,15.975,2
2024-01-24,14.761,8
2024-01-25,15.302,5
2024-01-26,14.759,2
2024-01-27,15.64,1
2024-01-28,11.811,4
2024-01-29,9.897,2
2024-01-30,15.0,1
2024-01-31,14.17,3
2024-02-01,14.47,9
2024-02-02,14.597,2
2024-02-03,13.703,3
2024-02-04,13.883,4
2024-02-05,13.789,2
2024-02-06,12.305,4
2024-02-07,14.127,6
2024-02-08,12.385,6
2024-02-09,14.298,2
2024-02-10,13.756,2
2024-02-12,13.416,4
2024-02-13,13.546,8
2024-02-14,13.735,4
2024-02-15,13.729,2
2024-02-16,13.673,7
2024-02-17,13.666,5
2024-02-18,13.579,4
2024-02-19,13.605,9
2024-02-20,14.074,4
2024-02-21,13.556,3
2024-02-22,14.111,5
2024-02-23,13.413,5
2024-02-25,13.561,6
2024-02-26,13.767,5
2024-02-27,12.211,10
2024-02-28,12.219,8
2024-02-29,12.274,6
2024-03-01,11.932,5
2024-03-02,12.017,7
2024-03-03,12.95,18
2024-03-04,13.751,2
2024-03-05,13.719,3
2024-03-06,13.439,6
2024-03-07,13.72,6
2024-03-08,13.749,3
2024-03-09,13.771,11
2024-03-10,13.506,8
2024-03-11,13.698,4
2024-03-12,13.384,7
2024-03-13,13.834,2
2024-03-14,12.584,8
2024-03-15,12.172,8
2024-03-16,12.363,13
2024-03-17,11.955,12
2024-03-18,11.552,4
2024-03-20,12.705,3
2024-03-21,12.281,3
2024-03-22,12.958,4
2024-03-23,12.824,5
2024-03-24,13.025,1
2024-03-25,12.928,3
2024-03-26,12.263,2
2024-03-27,12.762,5
2024-03-28,13.009,3
2024-03-29,12.437,4
2024-03-30,12.606,3
2024-03-31,13.032,2
2024-04-01,12.634,6
2024-04-02,12.718,1
2024-04-03,12.542,1
2024-04-04,12.714,4
2024-04-05,12.938,1
2024-04-06,12.954,5
2024-04-07,12.993,2
2024-04-08,13.02,3
2024-04-09,13.045,21
2024-04-10,13.24,8
2024-04-12,12.755,4
2024-04-13,13.017,3
2024-04-14,13.431,4
2024-04-16,12.043,4
2024-04-17,12.354,5
2024-04-18,13.088,1
2024-04-19,11.705,9
2024-04-20,12.845,2
2024-04-21,12.676,7
2024-04-22,12.849,1
2024-04-23,12.385,5
2024-04-24,10.948,1
2024-04-25,11.155,4
2024-04-26,11.66,9
2024-04-27,11.27,8
2024-04-28,11.517,7
2024-04-29,10.79,2
2024-04-30,10.182,1
2024-05-01,11.035,3
2024-05-02,10.816,8
2024-05-03,10.407,2
2024-05-04,10.821,8
2024-05-05,11.027,1
2024-05-06,10.646,6
2024-05-07,11.099,6
2024-05-08,11.255,9
2024-05-09,11.698,5
2024-05-10,11.991,8
2024-05-11,12.219,5
2024-05-12,12.329,8
2024-05-13,12.712,10
2024-05-14,12.792,5
2024-05-15,13.341,4
2024-05-16,13.396,1
2024-05-16,13.434,4
2024-05-16,13.452,1
2024-05-16,13.457,1
2024-05-16,10.189,9
2024-05-17,12.799,1
2024-05-17,12.788,1
2024-05-18,12.741,1
2024-05-18,12.741,1
2024-05-18,12.764,2
2024-05-18,11.24,1
2024-05-19,10.882,1
2024-05-19,11.946,2
2024-05-20,12.772,1
2024-05-21,12.78,1
2024-05-21,12.772,1
2024-05-22,12.328,1
2024-05-22,11.137,1
2024-05-23,12.788,4
2024-05-23,12.804,3
2024-05-23,12.808,1
2024-05-24,12.203,1
2024-05-24,12.808,2
2024-05-24,12.804,2
2024-05-25,12.741,2
2024-05-25,12.739,1
2024-05-26,12.711,1
2024-05-26,12.699,2
2024-05-27,12.736,4
2024-05-27,12.951,1
2024-05-28,13.294,1
2024-05-28,13.288,1
2024-05-28,13.297,1
2024-05-28,13.293,1
2024-05-29,13.246,2
2024-05-30,12.822,1
2024-05-30,12.843,1
2024-05-31,13.167,1
2024-05-31,13.167,1
2024-05-31,11.378,1
2024-05-31,13.083,1
2024-06-01,13.165,1
2024-06-02,13.169,1
2024-06-02,13.183,1
2024-06-03,13.118,1
2024-06-03,13.127,1
2024-06-03,13.132,4
2024-06-03,12.973,1
2024-06-04,10.9,3
2024-06-04,13.207,1
2024-06-04,12.648,1
2024-06-05,13.098,1
2024-06-05,13.12,1
2024-06-05,13.239,1
2024-06-06,13.223,1
2024-06-07,12.519,1
2024-06-07,12.512,1
2024-06-08,12.441,1
2024-06-08,13.143,1
2024-06-08,13.213,1
2024-06-09,13.22,1
2024-06-09,13.215,1
2024-06-09,13.254,1
2024-06-09,13.349,1
2024-06-10,13.233,5
2024-06-10,13.325,7
2024-06-11,13.327,1
2024-06-11,11.85,1
2024-06-12,13.33,2
2024-06-13,13.325,1
2024-06-13,13.326,3
2024-06-13,13.356,2
2024-06-13,13.349,1
2024-06-14,13.357,1
2024-06-14,13.623,1
2024-06-14,11.109,1
2024-06-15,13.562,1
2024-06-15,13.562,1
2024-06-15,13.569,1
2024-06-15,13.594,1
