date,num_mentions
2014-07-11,12
2014-07-12,2
2014-07-14,2
2014-07-15,1
2014-07-16,2
2014-07-20,2
2014-07-24,2
2014-07-27,4
2014-08-08,4
2014-08-09,1
2014-08-12,2
2014-08-15,4
2014-08-17,4
2014-08-23,2
2014-08-26,5
2014-08-27,2
2014-08-28,4
2014-09-05,2
2014-09-07,2
2014-09-08,2
2014-09-09,2
2014-09-10,2
2014-09-11,4
2014-09-25,2
2014-09-28,2
2014-10-08,4
2014-10-12,2
2014-10-13,5
2014-10-19,2
2014-10-23,2
2014-10-25,2
2014-10-31,2
2014-11-10,2
2014-11-21,4
2014-11-26,2
2014-11-27,2
2014-11-30,2
2014-12-01,2
2014-12-06,2
2014-12-19,4
2014-12-22,4
2014-12-24,2
2014-12-26,2
2014-12-27,4
2014-12-30,2
2015-01-02,2
2015-01-06,2
2015-01-08,2
2015-01-10,4
2015-01-12,2
2015-01-21,1
2015-01-24,3
2015-01-26,2
2015-01-27,4
2015-01-28,2
2015-02-05,2
2015-02-07,4
2015-02-09,4
2015-02-10,2
2015-02-13,2
2015-03-09,2
2015-03-11,4
2015-03-15,2
2015-03-19,2
2015-03-24,2
2015-03-26,2
2015-03-28,1
2015-03-29,1
2015-03-30,1
2015-04-05,2
2015-04-06,2
2015-04-07,1
2015-04-08,2
2015-04-17,2
2015-04-28,2
2015-05-07,1
2015-05-31,1
2015-06-01,3
2015-06-02,3
2015-06-03,9
2015-06-04,3
2015-06-07,3
2015-06-08,6
2015-06-09,9
2015-06-24,2
2015-07-01,2
2015-07-05,2
2015-07-08,4
2015-07-13,2
2015-07-20,2
2015-07-28,2
2015-08-09,4
2015-08-15,2
2015-08-16,2
2015-08-23,2
2015-08-31,2
2015-09-11,2
2015-09-21,2
2015-09-29,1
2015-10-04,14
2015-10-05,2
2015-10-07,1
2015-11-01,1
2015-11-02,2
2015-11-12,2
2015-12-02,2
2015-12-06,4
2015-12-07,4
2015-12-11,2
2015-12-23,8
2016-01-15,2
2016-01-26,2
2016-01-31,1
2016-02-02,2
2016-02-03,2
2016-02-04,2
2016-02-15,2
2016-03-02,2
2016-04-05,2
2016-04-23,2
2016-04-27,1
2016-04-30,2
2016-05-01,2
2016-05-03,2
2016-05-04,2
2016-05-09,2
2016-05-18,4
2016-05-20,2
2016-05-22,2
2016-06-04,2
2016-06-17,2
2016-06-22,4
2016-06-27,2
2016-07-01,4
2016-07-03,2
2016-07-06,2
2016-07-11,2
2016-07-30,1
2016-08-17,2
2016-08-19,2
2016-09-28,2
2016-10-08,2
2016-11-30,4
2016-12-12,2
2017-02-17,2
2017-03-22,3
2017-03-23,2
2017-03-29,4
2017-04-22,1
2017-05-14,2
2017-06-07,10
2017-06-08,6
2017-06-09,2
2017-09-28,2
2018-01-10,2
2018-03-24,4
2018-04-27,8
2018-04-28,12
2018-04-29,8
2018-04-30,12
2018-05-01,4
2019-05-09,4
2019-05-21,4
2019-05-24,2
2019-06-06,4
2019-06-16,2
2019-06-17,1
2019-06-23,3
2019-06-24,2
2019-06-25,6
2019-06-26,6
2019-07-28,2
2019-08-08,4
2019-08-09,4
2019-09-01,2
2019-10-12,2
2019-10-26,2
2019-11-01,1
2019-12-01,2
2020-01-06,2
2020-01-20,2
2020-01-22,2
2020-02-21,2
2020-04-27,2
2020-08-15,2
2020-10-18,2
2020-12-03,4
2021-01-22,2
2021-03-05,2
2021-03-14,2
2021-05-03,6
2021-05-04,2
2021-06-03,2
2021-06-08,6
2021-06-09,2
2021-06-10,2
2021-09-10,4
2021-09-12,4
2021-12-30,2
2022-01-21,2
2022-04-25,2
2022-09-12,2
2022-09-13,4
2022-09-14,2
2022-09-15,4
2022-09-16,2
2022-09-17,2
2022-09-18,2
2022-09-19,4
2022-09-21,4
2022-09-22,4
2022-09-26,2
2022-09-28,4
2022-09-30,2
2022-10-01,2
2022-10-02,2
2022-10-03,4
2022-10-04,2
2022-10-05,2
2022-10-07,4
2022-10-08,4
2022-10-09,4
2022-10-10,4
2022-10-11,2
2022-10-12,4
2022-10-13,4
2022-10-15,2
2022-10-16,2
2022-10-17,4
2022-10-18,2
2022-10-19,2
2022-10-20,4
2022-10-21,4
2022-10-22,2
2022-10-23,6
2022-10-24,2
2022-10-25,2
2022-10-26,2
2022-10-27,2
2022-10-28,2
2022-10-29,4
2022-10-30,4
2022-10-31,2
2022-11-01,4
2022-11-02,4
2022-11-03,2
2022-11-04,4
2022-11-05,4
2022-11-06,6
2022-11-07,2
2022-11-08,2
2022-11-09,4
2022-11-11,2
2023-03-04,2
2023-03-30,2
2023-04-16,6
2023-06-27,4
2023-06-28,4
2023-06-30,2
2023-07-01,4
2023-07-02,4
2023-07-03,4
2023-07-04,2
2023-07-05,6
2023-07-06,6
2023-07-07,2
2023-07-11,2
2023-07-12,2
2023-07-13,4
2023-07-14,4
2023-07-15,4
2023-07-16,2
2023-07-17,2
2023-07-18,2
2023-07-23,4
2023-10-14,2
2023-10-19,2
