date,num_mentions
2015-09-17,1
2016-02-08,1
2016-02-09,1
2016-04-02,1
2016-06-03,1
2016-06-10,1
2016-06-19,1
2016-12-04,1
2017-01-30,1
2017-05-26,1
2017-12-29,1
2018-02-03,1
2018-04-21,2
2018-05-14,1
2018-06-10,1
2018-07-26,1
2018-08-10,1
2019-02-10,1
2019-02-12,1
2019-02-13,2
2019-04-11,1
2019-06-07,1
2019-06-17,1
2019-07-23,1
2019-08-25,1
2019-08-26,2
2019-09-12,1
2019-09-14,1
2019-10-07,1
2019-11-26,1
2019-12-20,1
2020-01-21,1
2020-01-25,1
2020-01-28,1
2020-01-31,1
2020-02-01,1
2020-02-08,1
2020-02-21,1
2020-02-23,1
2020-02-24,1
2020-03-30,1
2020-05-02,1
2020-06-06,1
2020-06-08,1
2020-08-26,1
2020-09-05,1
2020-09-15,1
2020-10-26,1
2020-10-27,1
2020-10-30,2
2020-11-03,1
2020-11-18,1
2020-12-05,1
2020-12-09,1
2020-12-16,1
2021-01-15,1
2021-01-16,1
2021-01-30,2
2021-04-09,1
2021-04-12,1
2021-05-26,1
2021-06-17,1
2021-06-29,1
2021-07-17,1
2021-08-11,1
2021-10-26,1
2021-10-28,1
2021-11-21,1
2021-12-05,1
2021-12-23,1
2021-12-27,1
2022-01-22,1
2022-01-24,1
2022-02-10,1
2022-03-25,1
2022-04-20,1
2022-04-29,1
2022-07-29,1
2022-08-09,3
2022-08-16,1
2022-08-24,1
2022-09-15,1
2022-09-20,1
2022-09-25,1
2022-11-07,1
2022-12-23,1
2023-01-27,1
2023-02-01,1
2023-02-16,2
2023-02-26,1
2023-02-27,1
2023-03-21,1
2023-03-31,1
2023-04-14,1
2023-04-17,1
2023-04-19,1
2023-04-22,1
2023-04-23,1
2023-06-09,1
2023-06-15,2
2023-07-03,1
2023-07-12,1
2023-07-13,1
2023-07-17,1
2023-07-20,1
2023-09-26,1
2023-09-28,1
2023-10-01,1
2023-10-02,1
2023-10-14,2
2023-10-18,1
